timestamp,rms_b1,rms_b3,ratio
2003.10.22.12.06.24,0.12461381908219489,0.12888705027471,1.0342917922264825
2003.10.22.12.09.13,0.12381119580648291,0.12956208695061994,1.0464488781218597
2003.10.22.12.14.13,0.125246370877438,0.1313388774598819,1.0486441765917978
2003.10.22.12.19.13,0.1251974606387471,0.13108278894879277,1.0470083680612947
2003.10.22.12.24.13,0.12561814016563005,0.13130738905302275,1.0452900264236622
2003.10.22.12.29.13,0.12598810610870922,0.13171370523405823,1.0454455527762967
2003.10.22.12.34.13,0.1254834547345162,0.13103284248823602,1.044224059382654
2003.10.22.12.39.13,0.12507391310834717,0.13077409347952149,1.0455744945489667
2003.10.22.12.44.13,0.12539559920040305,0.1309602392993528,1.044376677765673
2003.10.22.12.49.13,0.12482766323140276,0.1310096320185681,1.049524028786034
2003.10.22.12.54.13,0.12513830668816506,0.13050809193512436,1.0429108031670942
2003.10.22.12.59.13,0.12481685430718333,0.1314210076433749,1.052910749696818
2003.10.22.13.04.13,0.12414192376601921,0.1297513133664261,1.0451852962338442
2003.10.22.13.09.13,0.12444903026063521,0.1316200429013734,1.0576220853285867
2003.10.22.13.14.13,0.12467762374733186,0.13108482612653916,1.051390154757777
2003.10.22.13.19.13,0.12854707840782498,0.13039390162150272,1.0143669015006203
2003.10.22.13.24.13,0.1266232757240079,0.13061621718380245,1.031534024348712
2003.10.22.13.29.13,0.12733308448434316,0.1314557110021399,1.0323767113197015
2003.10.22.13.34.13,0.12591842849545742,0.13107966309146463,1.040988715136271
2003.10.22.13.39.13,0.12636422431804026,0.13155240051793526,1.0410573184609366
2003.10.22.13.44.13,0.12644587083789302,0.13110149746177102,1.0368191273706884
2003.10.22.13.49.13,0.12721884173111406,0.13032307304978893,1.0244007198653473
2003.10.22.13.54.13,0.12628998805916633,0.13109158129165607,1.0380203791787534
2003.10.22.13.59.13,0.12775051235984586,0.13108060553142245,1.0260671609848142
2003.10.22.14.04.13,0.12559320046066635,0.13170230899023516,1.0486420324281973
2003.10.22.14.09.13,0.12581248137108655,0.13117507199052247,1.0426236774046198
2003.10.22.14.14.13,0.12675109771313373,0.13169603563046706,1.0390129790317464
2003.10.22.14.19.13,0.12589396386133353,0.1324135904488164,1.0517866495542545
2003.10.22.14.24.13,0.12770694124360224,0.131531611019046,1.0299488010455764
2003.10.22.14.29.13,0.12737957605709158,0.13106518330735523,1.0289340517871701
2003.10.22.14.34.13,0.12581847391741108,0.13124121752610488,1.0430997407602747
2003.10.22.14.39.13,0.12645062107523436,0.13112515975026018,1.0369673049865418
2003.10.22.14.44.13,0.1269978340504893,0.1316381833972385,1.0365388069918136
2003.10.22.14.49.13,0.12617595349445304,0.1313048531209909,1.0406487883348021
2003.10.22.14.54.13,0.12633505643476398,0.1305857119819321,1.0336458910703306
2003.10.22.14.59.13,0.12576955516284286,0.12972896513320087,1.0314814659655231
2003.10.22.15.04.13,0.12572201827407262,0.13083249350762172,1.0406490072598764
2003.10.22.15.09.13,0.1253454710365516,0.13005162323874028,1.0375454506913642
2003.10.22.15.14.13,0.1258592219505587,0.13062551939938602,1.037870069232588
2003.10.22.15.19.13,0.12527796847317418,0.13065377112872117,1.0429109980075875
2003.10.22.15.24.13,0.12537492736631745,0.13032141793525825,1.0394535867166508
2003.10.22.15.29.13,0.12540454654026206,0.13144744115104048,1.0481872051492034
2003.10.22.15.37.48,0.12548005689245753,0.13027137934093821,1.0381839358949851
2003.10.22.15.44.13,0.12484420349573454,0.1322879313367011,1.05962413658413
2003.10.22.15.54.13,0.1263029214963598,0.13265167174078507,1.0502660601133305
2003.10.22.16.04.13,0.12618064539951246,0.13080710168627122,1.0366653401725003
2003.10.22.16.14.13,0.1254624426341156,0.13071854810377667,1.041893855717359
2003.10.22.16.24.13,0.12571355340521412,0.13210360905513,1.0508302842201804
2003.10.22.16.34.13,0.1259276421002231,0.13016528217460197,1.0336513890334438
2003.10.22.16.44.13,0.1252925075619922,0.1300335220076082,1.0378395686850648
2003.10.22.16.54.13,0.12752978608109802,0.13123335050647852,1.0290407797204753
2003.10.22.17.04.13,0.1270623889417862,0.13105126155171828,1.0313930238771096
2003.10.22.17.14.13,0.12639790319321215,0.13054119077990048,1.0327797177169538
2003.10.22.17.19.38,0.12447809797309725,0.12994579624188501,1.0439249824492776
2003.10.22.17.24.13,0.12696380531997348,0.13067339806896666,1.029217718700572
2003.10.22.17.34.13,0.12905560987207462,0.13076999372855236,1.0132840707829525
2003.10.22.17.44.13,0.12541812509966663,0.13112288114946796,1.0454858980332222
2003.10.22.17.54.13,0.12502634038879817,0.13098224902843467,1.0476372308516366
2003.10.22.18.04.13,0.12456779557076289,0.13070889127298305,1.0492992243627817
2003.10.22.18.14.13,0.12388603358089341,0.1300704971487217,1.0499205874065705
2003.10.22.18.24.13,0.12755661809687688,0.13053095990660846,1.0233178164654115
2003.10.22.18.34.13,0.12556580033927928,0.13135532325439128,1.0461074822879215
2003.10.22.18.44.13,0.12598209411304995,0.1313285139048376,1.0424379339732999
2003.10.22.18.54.13,0.12619702477673556,0.13088814590436085,1.0371729930711497
2003.10.22.19.04.13,0.1304193059379175,0.13116149787719955,1.0056908134416491
2003.10.22.19.14.13,0.1321247766007454,0.13068005007758932,0.9890654382900358
2003.10.22.19.24.13,0.12856112606369635,0.13129679876232467,1.0212791594348116
2003.10.22.19.34.13,0.13050290963740283,0.13239714426147473,1.01451488422239
2003.10.22.19.44.13,0.13043272032450293,0.13034064537929305,0.9992940809255468
2003.10.22.19.54.13,0.1296436115496055,0.13123244785910895,1.0122554153691987
2003.10.22.20.04.13,0.1306373672748943,0.13255672724347112,1.0146922738004815
2003.10.22.20.14.13,0.12976024541076708,0.13187388254858312,1.0162887880731508
2003.10.22.20.24.13,0.1300000706129616,0.1311979744359407,1.00921463978697
2003.10.22.20.34.13,0.12965682788645622,0.13169851768545796,1.015746874517011
2003.10.22.20.44.13,0.1296958491288368,0.13066989023812545,1.0075101949355454
2003.10.22.20.54.13,0.1318179480781994,0.13125210973006776,0.9957074256094779
2003.10.22.21.04.13,0.1294962631805813,0.1316638104582083,1.0167382998118206
2003.10.22.21.14.13,0.12936302046741616,0.1316794484664843,1.0179064155328037
2003.10.22.21.24.13,0.12933463742362292,0.1306466369639877,1.0101442240570673
2003.10.22.21.34.13,0.13059095960467076,0.13244215866039408,1.0141755528968264
2003.10.22.21.44.13,0.13101902649132444,0.13223405559455695,1.0092736844088288
2003.10.22.21.54.13,0.12991390741504064,0.130908343822775,1.007654580079386
2003.10.22.22.04.13,0.13125010193448422,0.1316236411521739,1.0028460108768231
2003.10.22.22.14.13,0.13073403157448618,0.13097365215414034,1.0018328860264485
2003.10.22.22.24.13,0.13029309189255536,0.13099057490098526,1.0053531848718815
2003.10.22.22.34.13,0.13051354059002365,0.13178728977444581,1.0097595175080212
2003.10.22.22.44.13,0.13051085679066848,0.1321922790211762,1.012883389718333
2003.10.22.22.54.13,0.1305848974027529,0.13118942110164364,1.0046293538603186
2003.10.22.23.04.13,0.13017202241619308,0.12982742075419776,0.9973527209948883
2003.10.22.23.14.13,0.13078361220984933,0.13087941040652412,1.0007324938886157
2003.10.22.23.24.13,0.13234108247016496,0.13061023260575,0.9869212958507788
2003.10.22.23.34.13,0.1304694408664343,0.13146826327310662,1.007655604255213
2003.10.22.23.44.13,0.13071805727613486,0.13148386604922294,1.0058584773140435
2003.10.22.23.54.13,0.13100299786347927,0.13269411102083384,1.0129089653285408
2003.10.23.00.04.13,0.1316906001207233,0.13245191491867908,1.0057810868600938
2003.10.23.00.14.13,0.13190247843903227,0.13198961936129913,1.0006606465875252
2003.10.23.00.24.13,0.12924024892950095,0.13175842411101746,1.019484450102616
2003.10.23.00.34.13,0.13023694639783,0.13190590981062505,1.0128148229742497
2003.10.23.00.44.13,0.1311893217253814,0.13289130676632877,1.0129735028626046
2003.10.23.00.54.13,0.13274837882278684,0.13164064113501384,0.9916553580721932
2003.10.23.01.04.13,0.13073974662533291,0.13191500837127573,1.0089893224996895
2003.10.23.01.14.13,0.12920793088776275,0.1312583836608161,1.0158694033637494
2003.10.23.01.24.13,0.1303740556428526,0.1320197241640785,1.0126226687749444
2003.10.23.01.34.13,0.12976582574487786,0.13040682868161801,1.0049396898841485
2003.10.23.01.44.13,0.13089752913926841,0.1321522879002313,1.0095858093671721
2003.10.23.01.54.13,0.1308540985876541,0.131582244287437,1.0055645616579227
2003.10.23.02.04.13,0.13078054192609992,0.13165058104042401,1.0066526648499112
2003.10.23.02.14.13,0.13063906435947384,0.13281897741557397,1.01668653298145
2003.10.23.02.24.13,0.13022403434502308,0.13145793610445797,1.0094752229543567
2003.10.23.02.34.13,0.13053161752551803,0.13364491472713008,1.0238509049426543
2003.10.23.02.44.13,0.13029761774281648,0.13227374605901343,1.0151662658951868
2003.10.23.02.54.13,0.12960889052049293,0.12985433696309492,1.0018937469614646
2003.10.23.03.04.13,0.13079066815699478,0.1321557421588138,1.0104370902072344
2003.10.23.03.14.13,0.1302054161339881,0.13164621909478877,1.0110656146539865
2003.10.23.03.24.13,0.13018762208197587,0.1312223538591796,1.0079480042776432
2003.10.23.03.34.13,0.12944478115083474,0.13093043909959404,1.011477156016264
2003.10.23.03.44.13,0.13150715990191847,0.1317242427309676,1.0016507301139423
2003.10.23.03.54.13,0.13134489240818903,0.1311206989582976,0.9982930935053439
2003.10.23.04.04.13,0.1302991435001589,0.13126688209878948,1.0074270526469684
2003.10.23.04.14.13,0.1307418399401565,0.13157158686700987,1.006346452881749
2003.10.23.04.24.13,0.13028547531526682,0.13007552230879663,0.9983885156348998
2003.10.23.04.34.13,0.1318625947586516,0.1314073816464352,0.99654782227629
2003.10.23.04.44.13,0.13034139143154988,0.1320159175638846,1.0128472322870214
2003.10.23.04.54.13,0.13079517156339096,0.13170248175783125,1.0069368783541108
2003.10.23.05.04.13,0.1296214572050814,0.13164580182699284,1.0156173573848088
2003.10.23.05.14.13,0.1314209006398906,0.13243482126980663,1.0077150637758472
2003.10.23.05.24.13,0.1303858836765291,0.13105923282915105,1.0051642795495597
2003.10.23.05.34.13,0.130226818354554,0.1311515516194433,1.0071009433891847
2003.10.23.05.44.13,0.12997437735773634,0.1315588919116288,1.0121909762993617
2003.10.23.05.54.13,0.13001111806423518,0.13122185114816054,1.009312534973564
2003.10.23.06.04.13,0.13052576448851966,0.13130441505929075,1.005965493278835
2003.10.23.06.14.13,0.131245547357508,0.1320446995738446,1.006088985359326
2003.10.23.06.24.13,0.13085664959848478,0.13240821223764315,1.0118569644257218
2003.10.23.06.34.13,0.12935008214145052,0.13105680368075373,1.0131945918475478
2003.10.23.06.44.13,0.13074631365800052,0.13197216836384956,1.0093758261441739
2003.10.23.06.54.13,0.13067531159536935,0.1311453189318413,1.0035967569599322
2003.10.23.07.04.13,0.13105535529822407,0.13064395963630743,0.9968609015558312
2003.10.23.07.14.13,0.13207075647847585,0.1314503444894925,0.9953024272327503
2003.10.23.07.24.13,0.1312755600111841,0.13252688461774226,1.009532045465672
2003.10.23.07.34.13,0.1292077561072912,0.13102146286188668,1.0140371353023838
2003.10.23.07.44.13,0.13106452892444814,0.13247163150764346,1.0107359527001119
2003.10.23.07.54.13,0.12910036917943196,0.13137128770920609,1.0175903333523226
2003.10.23.08.04.13,0.1310632737965951,0.1322755249543661,1.009249358135616
2003.10.23.08.14.13,0.13165232014073092,0.13277282661120132,1.0085111031030265
2003.10.23.08.24.13,0.1306456271094157,0.13146043398348037,1.0062367711196507
2003.10.23.08.34.13,0.13025935048460774,0.1318881482263593,1.0125042673381366
2003.10.23.08.44.13,0.130833361780119,0.13123154836817774,1.0030434637055947
2003.10.23.08.54.13,0.1317864676166525,0.13194649054517327,1.0012142591831679
2003.10.23.09.04.13,0.1315846195775745,0.13172439841833355,1.0010622733964485
2003.10.23.09.14.13,0.1297159383352837,0.13129268353567916,1.012155369807525
2003.10.23.09.24.13,0.13178461450086132,0.13245778384811185,1.0051081027159368
2003.10.23.09.34.13,0.13107483866127062,0.13172241079580715,1.0049404763046097
2003.10.23.09.44.13,0.1312690034605704,0.13261918927981114,1.0102856408112086
2003.10.23.09.54.13,0.13036529805703664,0.1319310264947299,1.0120103160966059
2003.10.23.10.04.13,0.12945760289479188,0.1316244120208852,1.016737596538492
2003.10.23.10.14.13,0.13040333408703791,0.13096528065227106,1.0043092959943654
2003.10.29.14.39.46,0.1510650767777748,0.1597282069568686,1.0573470080833953
2003.10.29.14.49.46,0.1506887909525788,0.15827011560047433,1.0503111386054012
2003.10.29.14.59.46,0.15104596242095275,0.16012325955948162,1.0600962580729645
2003.10.29.15.09.46,0.14987297730468918,0.1574515829598499,1.0505668586255783
2003.10.29.15.19.46,0.15128509794218,0.15691063153611517,1.0371849816700731
2003.10.29.15.29.46,0.15341032202657315,0.15897591654403387,1.036279139786283
2003.10.29.15.39.46,0.15372281597209514,0.15922521438668052,1.035794285837076
2003.10.29.15.49.46,0.15313185858364434,0.15912873789673998,1.0391615393985438
2003.10.29.15.59.46,0.15218584974079596,0.15921917090842302,1.0462153424881897
2003.10.29.16.09.46,0.1545277116632321,0.15888927714788725,1.0282251347522733
2003.10.29.16.19.46,0.15374896563422386,0.15867118583676038,1.0320146557229317
2003.10.29.16.29.46,0.15417889334258356,0.15990195970891039,1.0371196487551007
2003.10.29.16.39.46,0.15373110926249808,0.15843341726125246,1.0305878752928603
2003.10.29.16.49.46,0.15159141734445258,0.15771475546630656,1.0403936992550196
2003.10.29.16.59.46,0.15440837964656623,0.15966228136850882,1.0340260142225994
2003.10.29.17.09.46,0.1535842796546289,0.1584664672422351,1.0317883288484015
2003.10.29.17.19.46,0.15370192274232453,0.1571911851891571,1.0227014885993468
2003.10.29.17.29.46,0.15539988487367035,0.15923251458534426,1.024663015128934
2003.10.29.17.39.46,0.15298487130958205,0.15822341829721748,1.0342422550856982
2003.10.29.17.49.46,0.15382094780742642,0.15925843884013455,1.0353494833455033
2003.10.29.17.59.46,0.15507215542666541,0.15914762395630513,1.026281110999112
2003.10.29.18.09.46,0.1544309943996023,0.15886009208552623,1.0286801085698074
2003.10.29.18.19.46,0.15525594559493727,0.1587414633839112,1.0224501404800797
2003.10.29.18.29.46,0.15510678025557104,0.1590617908874174,1.0254986314932826
2003.10.29.18.39.46,0.1557404488318425,0.160211231416137,1.0287066245013956
2003.10.29.18.49.46,0.15477867688528474,0.15896338866401558,1.0270367460359695
2003.10.29.18.59.46,0.15575208744713706,0.16043104459037652,1.030041055756813
2003.10.29.19.09.46,0.15619200642508485,0.15871370586590025,1.0161448687326062
2003.10.29.19.19.46,0.15519555975471117,0.15792778184139658,1.0176050274312212
2003.10.29.19.29.46,0.15735577613549215,0.1590156920936775,1.0105488085595031
2003.10.29.19.39.46,0.15407669115674993,0.15932835239515009,1.0340847223481544
2003.10.29.19.49.46,0.15467211160831482,0.1601265858198698,1.0352647555841719
2003.10.29.19.59.46,0.15898814215438561,0.15920877498807384,1.0013877313785702
2003.10.29.20.09.46,0.15665693026109034,0.15832267797548183,1.0106330930372203
2003.10.29.20.19.46,0.1565094297840489,0.15779419680369072,1.0082088793078765
2003.10.29.20.29.46,0.15777460327775547,0.1601840917872894,1.0152717133142912
2003.10.29.20.39.46,0.1555238060492569,0.1589728033258067,1.0221766516918798
2003.10.29.20.49.46,0.157324812663761,0.1589146717593773,1.0101055839107476
2003.10.29.20.59.46,0.1571116613147915,0.15897174857723345,1.0118392692615925
2003.10.29.21.09.46,0.1569032853919792,0.15793064343174704,1.0065477152833433
2003.10.29.21.19.46,0.1554834044600902,0.15975372495412665,1.0274647992746555
2003.10.29.21.29.46,0.1564821976258901,0.16030051977652787,1.0244010002963175
2003.10.29.21.39.46,0.15516618044756886,0.15881199884316835,1.0234962179585998
2003.10.29.21.49.46,0.15635999956155866,0.15962953372452535,1.0209102978519737
2003.10.29.21.59.46,0.15733475908398506,0.15969096666369195,1.014975759923776
2003.10.29.22.09.46,0.1521511158701995,0.15769799001473514,1.036456348760976
2003.10.29.22.19.46,0.1534597999642842,0.15916048799089552,1.0371477613546876
2003.10.29.22.29.46,0.1547398692917811,0.15862881016405092,1.025132119408326
2003.10.29.22.39.46,0.15367588406692184,0.15990703338556397,1.040547346491455
2003.10.29.22.49.46,0.15292406395311858,0.15939992161154165,1.0423468844014527
2003.10.29.22.59.46,0.1546632102141618,0.1595023579677292,1.031288292457312
2003.10.29.23.09.46,0.15510108126688302,0.15894547404913148,1.024786369964974
2003.10.29.23.19.46,0.15385127872980736,0.15926483861279417,1.035186967100183
2003.10.29.23.29.46,0.15327339732051312,0.15934106961120775,1.0395872499518386
2003.10.29.23.39.46,0.15298989320172426,0.15871427347743097,1.0374167218233092
2003.10.29.23.49.46,0.15490895353955095,0.15866066076200963,1.0242187887577512
2003.10.29.23.59.46,0.1539890202559098,0.1597859469043664,1.0376450648158086
2003.10.30.00.09.46,0.15407635776924863,0.15883409881780935,1.0308791116135165
2003.10.30.00.19.46,0.15369206717873202,0.16034276532659067,1.0432728784897167
2003.10.30.00.29.46,0.15467751893304096,0.15927245015666158,1.0297065226757984
2003.10.30.00.39.46,0.15201462026854728,0.1574832853233955,1.035974599319377
2003.10.30.00.49.46,0.1503314271477566,0.15710905721623752,1.045084585419517
2003.10.30.00.59.46,0.15361584228833017,0.15929782797655115,1.036988279356996
2003.10.30.01.09.46,0.1517771102997336,0.15901353940118002,1.0476780002409831
2003.10.30.01.19.46,0.15271774989441306,0.15867032418616833,1.0389776191429667
2003.10.30.01.29.46,0.15195473344264404,0.15945289824212197,1.0493447267459302
2003.10.30.01.39.46,0.15096969991680037,0.15911687031226057,1.0539655997193484
2003.10.30.01.49.46,0.1535146512373697,0.15882008895066416,1.0345598134805452
2003.10.30.01.59.46,0.15329038262803704,0.15916292384888198,1.0383099129910505
2003.10.30.02.09.46,0.15232611356247122,0.15921972322445443,1.0452555999806037
2003.10.30.02.19.46,0.15146437351837067,0.15882250558799907,1.0485799524911774
2003.10.30.02.29.46,0.1522630165887407,0.15975964612895835,1.0492347367612314
2003.10.30.02.39.46,0.15145157990158933,0.15949422776829966,1.0531037568042294
2003.10.30.02.49.46,0.15198717982787643,0.15897171417646325,1.0459547598455128
2003.10.30.02.59.46,0.15162309613396635,0.16148095832742554,1.0650155711419407
2003.10.30.03.09.46,0.15046114629022586,0.15792867243212005,1.0496309268273818
2003.10.30.03.19.46,0.15146677663378239,0.15943032863134918,1.052576229418423
2003.10.30.03.29.46,0.1529628120655475,0.1595290095337287,1.042926757030117
2003.10.30.03.39.46,0.1507469258211631,0.15934462072595007,1.057033965090517
2003.10.31.00.09.46,0.1494423226950786,0.158710010957485,1.0620151513658962
2003.10.31.00.19.46,0.1499105371233957,0.16081096982972937,1.072712918754745
2003.10.31.00.29.46,0.15100827662540553,0.16006530527608098,1.0599770347233517
2003.10.31.00.39.46,0.14896261934757535,0.15982834923974884,1.0729426613184105
2003.10.31.00.49.46,0.1495804191952965,0.1597421536854393,1.0679349245363148
2003.10.31.00.59.46,0.15109778966290546,0.16095947862665816,1.065266930679488
2003.10.31.01.09.46,0.15071994981250614,0.16075120573881982,1.0665555949215246
2003.10.31.01.19.46,0.1501527882340289,0.16086056489360787,1.071312539617245
2003.10.31.01.29.46,0.15043239030452973,0.16052024596677633,1.0670590664804642
2003.10.31.01.39.46,0.1480848462189413,0.15963094629072358,1.0779694909140909
2003.10.31.01.49.46,0.15100105238794073,0.16097339284218679,1.066041529489648
2003.10.31.01.59.46,0.15141764276022296,0.16122985778389692,1.0648023231956667
2003.10.31.02.09.46,0.14896917905591664,0.1592494122217371,1.0690091281362415
2003.10.31.02.19.46,0.1487722293329744,0.15889382448961792,1.0680341701003209
2003.10.31.02.29.46,0.1494579984830082,0.1588215991035126,1.0626503814820518
2003.10.31.02.39.46,0.14873319183529823,0.16006681649294927,1.0762010450915453
2003.10.31.02.49.46,0.1496359697315455,0.16021758627308014,1.0707157280466628
2003.10.31.02.59.46,0.1506716296793606,0.16004463748069828,1.0622081796107474
2003.10.31.03.09.46,0.14947808518046632,0.15987431617572676,1.0695502018420222
2003.10.31.03.19.46,0.15059983208432912,0.15946763346537401,1.0588832089539073
2003.10.31.03.29.46,0.15094237505067123,0.1585373933118777,1.0503173363918303
2003.10.31.03.39.46,0.14920754162747815,0.15918350689436234,1.0668596584198864
2003.10.31.03.49.46,0.15017505020183944,0.15984137186647343,1.064367028022579
2003.10.31.03.59.46,0.150082397616172,0.16046852330801906,1.0692028236276516
2003.10.31.04.09.46,0.15048339865740798,0.15978868369662477,1.0618359574693106
2003.10.31.04.19.46,0.15003517898026658,0.15939596767709888,1.062390625721608
2003.10.31.04.29.46,0.14989180831259175,0.16011855806470013,1.0682275427005392
2003.10.31.04.39.46,0.14914396162454083,0.16168515427004462,1.0840878337205186
2003.10.31.04.49.46,0.14897081906078327,0.1600445886661843,1.0743351595649258
2003.10.31.04.59.46,0.15001834637152509,0.16096195854800405,1.0729484922422539
2003.10.31.05.09.46,0.14955271577247226,0.16002038261284873,1.0699931578394195
2003.10.31.05.19.46,0.15094417266565396,0.15994905606820373,1.059657045671421
2003.10.31.05.29.46,0.15019702896450923,0.16129162768152674,1.073866965235638
2003.10.31.05.39.46,0.14948761641332534,0.15817612717167928,1.0581219432540196
2003.10.31.05.49.46,0.14844091575017312,0.15988798660849649,1.0771153344108226
2003.10.31.05.59.46,0.15046509746994693,0.15980420866617334,1.0620682892794573
2003.10.31.06.09.46,0.1487936726855346,0.15906283675062585,1.0690161340851803
2003.10.31.06.19.46,0.15135828542371327,0.1594750874451085,1.0536264136361813
2003.10.31.06.29.46,0.1508733334427944,0.1608855911432096,1.0663620102502174
2003.10.31.06.39.46,0.15023219073425143,0.16081935104916634,1.0704719824903755
2003.10.31.06.49.46,0.14884708261805552,0.1606366876219634,1.0792061543736147
2003.10.31.06.59.46,0.15194715685580465,0.1610248118740168,1.0597421840990857
2003.10.31.07.09.46,0.1497473984735941,0.1605911336501217,1.0724135129361845
2003.10.31.07.19.46,0.1502911156176364,0.16009086302418427,1.0652051012215515
2003.10.31.07.29.46,0.15075636938503212,0.15960785532193816,1.058713843886087
2003.10.31.07.39.46,0.1490322874583831,0.15974077251690275,1.0718534570001146
2003.10.31.07.49.46,0.1505538803831954,0.1608319045266575,1.0682680786260845
2003.10.31.07.59.46,0.15089798395770568,0.16026139018364263,1.0620512347505011
2003.10.31.08.09.46,0.15076022570391992,0.15902324632296297,1.0548090226083298
2003.10.31.08.19.46,0.14964371113816685,0.15959195802547899,1.0664795520750407
2003.10.31.08.29.46,0.14998794043319158,0.1617922292307425,1.0787015860305704
2003.10.31.08.39.46,0.1507464738069663,0.1602778401250661,1.0632277895289604
2003.10.31.08.49.46,0.15025629325292628,0.15998280898247122,1.0647328342725206
2003.10.31.08.59.46,0.1503824673112174,0.1605312440687657,1.0674864360121539
2003.10.31.09.09.46,0.14833278625615992,0.1601855197339069,1.079906363096815
2003.10.31.09.19.46,0.15067853593463884,0.1599121858325199,1.0612804593607574
2003.10.31.09.29.46,0.15025595073880393,0.16081430144978168,1.070269101882905
2003.10.31.09.39.46,0.15014123006304347,0.1603049803304626,1.0676945983668271
2003.10.31.09.49.46,0.15037789897455012,0.16033692415674838,1.0662266546487906
2003.10.31.09.59.46,0.15112856550151885,0.16019702453517007,1.060004930262903
2003.10.31.10.09.46,0.14913002794331864,0.16057778367313144,1.0767635860308686
2003.10.31.12.05.51,0.1492916462977647,0.1591140854465751,1.0657936287286924
2003.10.31.12.11.44,0.15036426895677793,0.16044217632330776,1.0670232857609723
2003.10.31.12.21.44,0.15028495134763994,0.16064869323066014,1.068960609762229
2003.10.31.12.31.44,0.15059822505801654,0.16130539064995433,1.071097555019742
2003.10.31.12.41.44,0.15085154611353424,0.16235729791881853,1.0762720177665583
2003.10.31.12.51.44,0.1501996480599863,0.1599868219670764,1.0651610974692918
2003.10.31.13.01.44,0.15084802019023152,0.1615565725157812,1.070989014718558
2003.10.31.13.11.44,0.15159723748178716,0.16057699823848137,1.0592343297665503
2003.10.31.13.21.44,0.15020673904031404,0.16037984452932358,1.0677273573343415
2003.10.31.13.31.44,0.14856050380574115,0.15884957553133208,1.0692584601021884
2003.10.31.13.41.44,0.15038609765912747,0.15938119549845153,1.059813360272921
2003.10.31.13.51.44,0.1505415739206802,0.16042842406521007,1.06567521440781
2003.10.31.14.01.44,0.14989118628061285,0.15944280405108244,1.06372367853963
2003.10.31.14.11.44,0.14967083251411661,0.16062162843008176,1.0731658649318483
2003.10.31.14.21.44,0.15086147655190796,0.1590280366950373,1.0541328398063199
2003.10.31.14.31.44,0.15087709728891302,0.1584589277608219,1.0502516989532913
2003.10.31.14.41.44,0.14913352851110268,0.1601515697486876,1.073880376516168
2003.10.31.14.51.44,0.1494547351912737,0.15865930295467234,1.0615876623220974
2003.10.31.15.01.44,0.15003173264606806,0.16040341674514177,1.06912993615518
2003.10.31.15.11.44,0.14967328742547883,0.16008058822531387,1.0695334550262803
2003.10.31.15.21.44,0.149730016143641,0.1601075979456374,1.0693086267488332
2003.10.31.15.31.44,0.14941712468267318,0.15943109827651647,1.067020253636326
2003.10.31.15.41.44,0.15064901341907494,0.16021580036172112,1.0635038141008817
2003.10.31.15.51.44,0.15039867543388016,0.15952063750205644,1.060651877696799
2003.10.31.16.01.44,0.14894177419249904,0.15971871285584582,1.072356722764818
2003.10.31.16.11.44,0.15119144156318215,0.15959377478215983,1.0555741325838632
2003.10.31.16.21.44,0.1491337588453525,0.159098471497411,1.0668172835527576
2003.10.31.16.31.44,0.14939084529583171,0.15969282617096095,1.0689599209023064
2003.10.31.16.41.44,0.15063678652665863,0.162211312528163,1.0768373135698563
2003.10.31.16.51.44,0.14926377134958102,0.16013591944130617,1.0728384925117709
2003.10.31.17.01.44,0.15080381825922876,0.15950796705097328,1.0577183581438387
2003.10.31.17.11.44,0.1513272773595259,0.16155260774236788,1.0675709664593283
2003.10.31.17.21.44,0.14789226805083067,0.15983410222594863,1.0807468458798235
2003.10.31.17.31.44,0.14985879258436507,0.16091869762738495,1.0738021763841021
2003.10.31.17.41.44,0.15163375338629465,0.16053356377298877,1.0586928054469602
2003.10.31.17.51.44,0.1494687333394304,0.15996625254448202,1.0702322082385798
2003.10.31.18.01.44,0.15077615001089986,0.16057128190391215,1.0649647301135106
2003.10.31.18.11.44,0.15011635444896362,0.15929670825150663,1.0611549210360296
2003.10.31.18.21.44,0.14949462913638403,0.16021880013286713,1.071736162418915
2003.10.31.18.31.44,0.1482185455867766,0.1598515687237304,1.0784856111689687
2003.10.31.18.41.44,0.151177746817488,0.1611718281931585,1.0661081514049553
2003.10.31.18.51.44,0.1497903539834404,0.15990289167374366,1.067511274400361
2003.10.31.19.01.44,0.15044853787534168,0.15899162145647605,1.0567840917683957
2003.10.31.19.11.44,0.1500168292968013,0.16010546649128077,1.0672500361577406
2003.10.31.19.21.44,0.14937827287863226,0.15895156663936777,1.0640875916975803
2003.10.31.19.31.44,0.14843150777378772,0.1600616885473379,1.0783538545689018
2003.10.31.19.41.44,0.15102161233604322,0.16128381791697208,1.0679519005405271
2003.10.31.19.51.44,0.15049182650147483,0.16062694870534838,1.0673466622041046
2003.10.31.20.01.44,0.1491262386657484,0.1594167292183838,1.0690052310358373
2003.10.31.20.11.44,0.14940994557236645,0.16034611322196315,1.0731957140316324
2003.10.31.20.21.44,0.14920028697950158,0.16014880440009924,1.0733813429065446
2003.10.31.20.31.44,0.1491031106236763,0.16012893806754802,1.0739476688162461
2003.10.31.20.41.44,0.15032710671622693,0.16071849905191374,1.069125206775267
2003.10.31.20.51.44,0.14933559904650373,0.16042482754539195,1.074257099912493
2003.10.31.21.01.44,0.14852351603181607,0.16066933513868242,1.0817770776734408
2003.10.31.21.11.44,0.14962865753674995,0.16237342982424996,1.0851760117166713
2003.10.31.21.21.44,0.15024618095837952,0.15979670907882262,1.0635658627695086
2003.10.31.21.31.44,0.14888628407592655,0.159304198887547,1.0699722937964364
2003.10.31.21.41.44,0.15003337909861925,0.16015544527236852,1.0674654282571072
2003.10.31.21.51.44,0.14951451872174068,0.15976691778205562,1.068571260824479
2003.10.31.22.01.44,0.15041206616637345,0.15913163757145174,1.0579712228368263
2003.10.31.22.11.44,0.15066158431491836,0.16179040305742606,1.0738663329017293
2003.10.31.22.21.44,0.15029614645966477,0.1598894106337643,1.0638290761278706
2003.10.31.22.31.44,0.14881722827562885,0.160286823449354,1.077071689256851
2003.10.31.22.41.44,0.15051057326983916,0.161397656777542,1.072334343502793
2003.10.31.22.51.44,0.14847212063370263,0.15879175493566056,1.0695055358400762
2003.10.31.23.01.44,0.14866910763320376,0.1605431129425403,1.0798686795015418
2003.10.31.23.11.44,0.1517884256848163,0.16271064352286546,1.07195685566124
2003.10.31.23.21.44,0.14802871936827833,0.15899800218010798,1.0741023962015057
2003.10.31.23.31.44,0.14953179564947466,0.1606159712929415,1.0741258780135954
2003.10.31.23.41.44,0.15047600433577232,0.1601733839920139,1.0644446913582502
2003.10.31.23.51.44,0.14968588986607922,0.15923655475767412,1.0638047106520172
2003.11.01.00.01.44,0.14968871623331576,0.16033529214805806,1.071124772679243
2003.11.01.00.11.44,0.14943635442367262,0.16028679481416078,1.0726091079532472
2003.11.01.00.21.44,0.149936740892722,0.16001221633050397,1.067198175562525
2003.11.01.00.31.44,0.14909296154292673,0.15905209491385008,1.066798145719682
2003.11.01.00.41.44,0.1499084215889196,0.16007136546245748,1.0677943491487545
2003.11.01.00.51.44,0.14814557016980798,0.1594907392246882,1.07658122373741
2003.11.01.01.01.44,0.14955212840788368,0.1607977071873811,1.0751950433552278
2003.11.01.01.11.44,0.14968228575860898,0.15996906820758544,1.0687241138578405
2003.11.01.01.21.44,0.1495648223479852,0.1604408765044483,1.0727179960215398
2003.11.01.01.31.44,0.14783012926714442,0.16058359844593018,1.0862711088870045
2003.11.01.01.41.44,0.14950737123210472,0.15935795129401295,1.0658869190243172
2003.11.01.01.51.44,0.15010393306857836,0.16009395617788794,1.066554039624967
2003.11.01.02.01.44,0.14823651113144115,0.159183890013543,1.0738507591587527
2003.11.01.02.11.44,0.1502238640368829,0.16039263987409538,1.0676908153202334
2003.11.01.02.21.44,0.15020732807106982,0.1590075367035023,1.058587079242024
2003.11.01.02.31.44,0.15023233926727877,0.16087578838069255,1.0708465911222882
2003.11.01.02.41.44,0.15055096144557661,0.1592075555743292,1.0574994277395027
2003.11.01.02.51.44,0.15010102132085076,0.15911036976144893,1.060021899660097
2003.11.01.03.01.44,0.14951972607762537,0.15869221758446442,1.0613463637706038
2003.11.01.03.11.44,0.1495445985747751,0.1604315253197022,1.0728005347480567
2003.11.01.03.21.44,0.15067660990175075,0.15935953386966295,1.057626223297524
2003.11.01.03.31.44,0.148203620847879,0.15957230984827067,1.076709927431941
2003.11.01.03.41.44,0.15094320609038273,0.16074367044425303,1.064928158131224
2003.11.01.03.51.44,0.14834872230054133,0.1591501344115145,1.0728109547791753
2003.11.01.04.01.44,0.14982472441781763,0.15912457991647222,1.0620715675252637
2003.11.01.04.11.44,0.15027032038780355,0.15898822093014076,1.0580147864184948
2003.11.01.04.21.44,0.14964836910237278,0.1593398596370055,1.0647617517836288
2003.11.01.04.31.44,0.15021012284749444,0.1601867178336347,1.066417594214135
2003.11.01.04.41.44,0.15002209863258478,0.16100967768613708,1.0732397370367528
2003.11.01.04.51.44,0.14963881400961157,0.15900082761921006,1.0625640725072651
2003.11.01.05.01.44,0.15051708433191646,0.16025420495287518,1.0646911323334345
2003.11.01.05.11.44,0.14999035808854932,0.16036232808715162,1.069150911637127
2003.11.01.05.21.44,0.15083551954058474,0.15956739413640988,1.0578900422289172
2003.11.01.05.31.44,0.15057628280496027,0.15947761387157722,1.0591150936973703
2003.11.01.05.41.44,0.15064669627844274,0.16000491325464042,1.0621202934241634
2003.11.01.05.51.44,0.14931346634000817,0.15743926951045084,1.054421100585389
2003.11.01.06.01.44,0.14948872893340487,0.15875731959011372,1.0620019363522575
2003.11.01.06.11.44,0.14954224864853202,0.16040212726656908,1.0726208059339868
2003.11.01.06.21.44,0.1488529456008933,0.15828510915828437,1.063365649361624
2003.11.01.06.31.44,0.14926420609997645,0.1588768510784178,1.0644002016933842
2003.11.01.06.41.44,0.15094268349665668,0.1600014311154259,1.0600144863528271
2003.11.01.06.51.44,0.150012337871496,0.15815017910325183,1.054247812861412
2003.11.01.07.01.44,0.14898946536925228,0.15846326667327548,1.0635870548333302
2003.11.01.07.11.44,0.15107386196022835,0.15909953139048486,1.0531241428935558
2003.11.01.07.21.44,0.148905772067701,0.1587712636472868,1.0662532515871876
2003.11.01.07.31.44,0.1487964487287814,0.16002736429816855,1.075478384500011
2003.11.01.07.41.44,0.1498924650348334,0.1596953821745971,1.0653996659370812
2003.11.01.07.51.44,0.14849296118498134,0.15821541418318333,1.0654741673990222
2003.11.01.08.01.44,0.15002852658432161,0.1614034512402558,1.0758184121040544
2003.11.01.08.11.44,0.15016481927941297,0.15896452210197526,1.058600295760278
2003.11.01.08.21.44,0.1471124174871253,0.15887115271207197,1.0799302698290287
2003.11.01.08.31.44,0.14939208388185266,0.15757692240493015,1.0547876320511769
2003.11.01.08.41.44,0.1507218607132854,0.15948744914740745,1.0581573793784078
2003.11.01.08.51.44,0.1494696282707314,0.1579548745142501,1.0567690328910804
2003.11.01.09.01.44,0.1488452409777308,0.15778629098577251,1.0600694382253002
2003.11.01.09.11.44,0.1493618356843018,0.1585111412007548,1.0612559793104805
2003.11.01.09.21.44,0.14893511967647818,0.15847988292214135,1.0640867195487311
2003.11.01.09.31.44,0.1483769588710731,0.15843838895830495,1.0678099225363848
2003.11.01.09.41.44,0.1493086317976857,0.15844017872488972,1.061158868159594
2003.11.01.09.51.44,0.14923979367321907,0.15916192266667656,1.0664844727350893
2003.11.01.10.01.44,0.14822590444993075,0.15876590102451155,1.071107655667172
2003.11.01.10.11.44,0.14965420118272868,0.1590435812668575,1.0627405045092206
2003.11.01.10.21.44,0.1475400644078372,0.15653030139211466,1.060934208076704
2003.11.01.10.31.44,0.14847939441688954,0.15934499518414244,1.0731791829426867
2003.11.01.10.41.44,0.14987187382712316,0.15812174388322398,1.0550461527265418
2003.11.01.10.51.44,0.1474867310636579,0.15823180203052775,1.0728544926677648
2003.11.01.11.01.44,0.14983669055972448,0.15861676403215155,1.0585976201131282
2003.11.01.11.11.44,0.14912899263829452,0.15880215232793407,1.0648643802825206
2003.11.01.11.21.44,0.14732445940131808,0.15940341045794787,1.0819887689098944
2003.11.01.11.31.44,0.1484701353926628,0.15781877957803375,1.0629664959935974
2003.11.01.11.41.44,0.15037995432923398,0.15807723339795013,1.0511855393429907
2003.11.01.11.51.44,0.14889972244349553,0.16003508877328082,1.0747843323483086
2003.11.01.12.01.44,0.1488187501968628,0.16052778247179678,1.078679818634714
2003.11.01.12.11.44,0.1492288820185812,0.1586335972108762,1.0630220843651699
2003.11.01.12.21.44,0.14912518401602226,0.1583067534056211,1.0615695427313763
2003.11.01.12.31.44,0.14881437288825633,0.1573119993411779,1.0571021890426027
2003.11.01.12.41.44,0.14939321067734096,0.1583537403412945,1.0599794972162857
2003.11.01.12.51.44,0.15042845855282214,0.15877681998469778,1.0554972211521012
2003.11.01.13.01.44,0.14891123483261764,0.158734966069625,1.065970383282696
2003.11.01.13.11.44,0.14934950619268883,0.15994462909082005,1.0709418006676334
2003.11.01.13.21.44,0.1493912548360324,0.15905503558738127,1.0646877272833377
2003.11.01.13.31.44,0.15048885395940667,0.15889571775568326,1.05586369737751
2003.11.01.13.41.44,0.1508513687349861,0.16040119865901875,1.0633062199177634
2003.11.01.13.51.44,0.14931302584670902,0.15918954589871,1.0661464061557537
2003.11.01.14.01.44,0.14956740485062245,0.15947165619902293,1.0662193166906397
2003.11.01.14.11.44,0.15009993269459473,0.1596448505912812,1.063590420897172
2003.11.01.14.21.44,0.14823026850140966,0.15927389853914978,1.0745032047056913
2003.11.01.14.31.44,0.15043019511891761,0.15981375604463388,1.062378174264139
2003.11.01.14.41.44,0.15016497844688395,0.15924747149557628,1.0604834305750257
2003.11.01.14.51.44,0.14939525049057156,0.1579110209179326,1.0570016141704484
2003.11.01.15.01.44,0.14982741503768596,0.15781704247794145,1.0533255375075774
2003.11.01.15.11.44,0.15131211163338223,0.15817335769333712,1.045344989147856
2003.11.01.15.21.44,0.15027674275836064,0.15711265909048952,1.0454888508138667
2003.11.01.15.31.44,0.15039097710997743,0.15813766207332025,1.0515103040901042
2003.11.01.15.41.44,0.14967791249958817,0.15874899021578454,1.0606039833447125
2003.11.01.15.51.44,0.14972466510831434,0.15960436650854434,1.065985797283853
2003.11.01.16.01.44,0.15244657827749242,0.15919355296207038,1.0442579607939557
2003.11.01.16.11.44,0.1513135597340007,0.15935089048646112,1.0531170555143208
2003.11.01.16.21.44,0.14848171890710782,0.15955305357246183,1.0745636213457388
2003.11.01.16.31.44,0.15047855513873273,0.1582292415171537,1.0515069165255826
2003.11.01.16.41.44,0.15214413268139854,0.16029416577055486,1.0535678435015507
2003.11.01.16.51.44,0.14970922337150774,0.1570121928734756,1.048781025894746
2003.11.01.17.01.44,0.14944444123360695,0.15932640466242953,1.0661246637696975
2003.11.01.17.11.44,0.14984032614701473,0.16047365224985144,1.0709643817272787
2003.11.01.17.21.44,0.15051284546639407,0.15851710447806375,1.0531799062522995
2003.11.01.17.31.44,0.1507141338643605,0.1586135220125774,1.0524130547392865
2003.11.01.17.41.44,0.15115277156427698,0.15884222760803998,1.050872081035531
2003.11.01.17.51.44,0.14905017080825084,0.15699382249863966,1.05329515321796
2003.11.01.18.01.44,0.1495204533393237,0.15851340976150488,1.060145326083064
2003.11.01.18.11.44,0.15077741413514575,0.15962387767567468,1.0586723388995092
2003.11.01.18.21.44,0.15132034004885134,0.15962884013098166,1.0549066971396446
2003.11.01.18.31.44,0.15103897598178095,0.15890146102665717,1.052056000736026
2003.11.01.18.41.44,0.15099489915329095,0.15914459095450945,1.053973292123894
2003.11.01.18.51.44,0.15175257958320265,0.15689592894505341,1.0338929946098925
2003.11.01.19.01.44,0.15044605342193054,0.1596276922920468,1.061029443187626
2003.11.01.19.11.44,0.15157300253559752,0.15884125652798967,1.0479521674097942
2003.11.01.19.21.44,0.15134905895473674,0.15959214343473724,1.054464061665991
2003.11.01.19.31.44,0.15234413798027518,0.1574933054442811,1.033799577274661
2003.11.01.19.41.44,0.1521242603142966,0.1591295370769126,1.0460497013963634
2003.11.01.19.51.44,0.15096239038431683,0.15948213632454458,1.056436215129731
2003.11.01.20.01.44,0.14965570170472747,0.1586857805637449,1.060339023212319
2003.11.01.20.11.44,0.15206215721935265,0.16033767696426462,1.0544219541287605
2003.11.01.20.21.44,0.15203916811985696,0.15869386879820097,1.0437696467340436
2003.11.01.20.31.44,0.15246963660968904,0.15959607124560196,1.0467400250592587
2003.11.01.20.41.44,0.15323588364073296,0.15968909536262763,1.0421129279159211
2003.11.01.20.51.44,0.15202321519749665,0.15772368772610498,1.0374973817071473
2003.11.01.21.01.44,0.14981832992802274,0.15823143728140948,1.056155394052441
2003.11.01.21.11.44,0.1530555843935872,0.15949449258222836,1.042069083687161
2003.11.01.21.21.44,0.15223233105088912,0.15877608960690326,1.042985340307419
2003.11.01.21.31.44,0.1526764161129982,0.15918504504020822,1.04263021816279
2003.11.01.21.41.44,0.1529581939028807,0.16023386335852005,1.047566392293171
2003.11.01.21.51.44,0.15171473089424276,0.15860021646299657,1.0453844233066172
2003.11.01.22.01.44,0.15231482369611346,0.1584070871944734,1.0399978370491028
2003.11.01.22.11.44,0.1527400278685363,0.16031084687865987,1.0495666991539363
2003.11.01.22.21.44,0.15144204298282726,0.15936688153342118,1.052329184118921
2003.11.01.22.31.44,0.15129935903671857,0.15929074350632202,1.052818363015431
2003.11.01.22.41.44,0.15162171700768784,0.15964632602744888,1.0529251955335275
2003.11.01.22.51.44,0.15203641933015383,0.15897974056513065,1.045668802682725
2003.11.01.23.01.44,0.15173712861779043,0.159151348129157,1.0488622631712123
2003.11.01.23.11.44,0.15232296252407046,0.1601307429383389,1.051258065657925
2003.11.01.23.21.44,0.15234908692574883,0.1601447709300869,1.0511698767721362
2003.11.01.23.31.44,0.150986549354363,0.1577042130027861,1.0444918019330107
2003.11.01.23.41.44,0.1519105639302078,0.15923431259811358,1.0482109241018323
2003.11.01.23.51.44,0.15025018312566835,0.1587890587715252,1.0568310498411504
2003.11.03.09.53.55,0.15806928134548512,0.15931394541321547,1.0078741679416505
2003.11.03.10.01.44,0.15849098810515025,0.15761752544108754,0.9944888812007203
2003.11.03.10.11.44,0.1596622194396854,0.15844886362108282,0.9924004825758987
2003.11.03.10.21.44,0.16035377849412763,0.15795079290245942,0.9850144747804854
2003.11.03.10.31.44,0.15819136700133166,0.15849657768140846,1.0019293763361576
2003.11.03.10.41.44,0.15915081367728104,0.15798571960040012,0.9926793080728858
2003.11.03.10.51.44,0.15878482931780472,0.15816408854809616,0.9960906796173445
2003.11.03.11.01.44,0.15910943637679265,0.15732645821070593,0.9887940136883875
2003.11.03.11.11.44,0.16030315335813736,0.1581576789663266,0.9866161435575912
2003.11.03.11.21.44,0.16112178632728993,0.15919507352787923,0.9880418853134055
2003.11.03.11.31.44,0.15957704487786809,0.15844598411702487,0.9929121336862149
2003.11.03.11.41.44,0.16006336635845192,0.15654362239609323,0.9780103090267611
2003.11.03.11.51.44,0.1635638527778888,0.15735082981216883,0.9620146941992317
2003.11.03.12.01.44,0.16389851864511315,0.1577852058698985,0.9627006221547877
2003.11.03.12.11.44,0.1648133947169495,0.15915611025543638,0.9656746075085163
2003.11.03.12.21.44,0.163636151232649,0.1575378535240618,0.962732576740228
2003.11.03.12.31.44,0.1666781351360216,0.16016202138991353,0.9609060076128736
2003.11.03.12.41.44,0.16691598074751934,0.15832983906848744,0.948560098077011
2003.11.03.12.51.44,0.16529267928198985,0.1569900550754032,0.9497701637927816
2003.11.03.13.01.44,0.16589684412497124,0.15710308789011557,0.9469926249577643
2003.11.03.13.11.44,0.16424710581187763,0.15794853712794993,0.9616518741514883
2003.11.03.13.21.44,0.1648128904764051,0.15720953156983278,0.9538667219257293
2003.11.03.13.31.44,0.16431141623121093,0.15775154051595264,0.9600765676194553
2003.11.03.13.41.44,0.1650769545628171,0.15861998705386643,0.9608851064277807
2003.11.03.13.51.44,0.16388729960755424,0.15773989310555883,0.962490037259043
2003.11.03.14.01.44,0.16375543615737997,0.15739109112782163,0.9611350610465121
2003.11.03.14.11.44,0.16253358622263467,0.15808836068843352,0.9726504186764686
2003.11.03.14.21.44,0.16288428539821606,0.156818464974732,0.9627599408460156
2003.11.07.14.51.44,0.15676342272075142,0.1594693407972105,1.0172611571595962
2003.11.07.15.01.44,0.15648618149855917,0.1593517415626905,1.0183119048384328
2003.11.07.15.11.44,0.15446053298496676,0.15833986790928953,1.0251153796335815
2003.11.07.15.21.44,0.15407115705266472,0.1594679646144681,1.0350280199424908
2003.11.07.15.31.44,0.1546214188083167,0.16035302835048634,1.037068664783597
2003.11.07.15.41.44,0.15487637979233027,0.1564244908506677,1.0099957854155246
2003.11.07.15.51.44,0.15269128420274805,0.15927052197416156,1.0430884958874103
2003.11.07.16.01.44,0.15477566915917979,0.15824334812737786,1.0224045483830648
2003.11.07.16.11.44,0.15497114052148953,0.15859603431236663,1.0233907666851974
2003.11.07.16.21.44,0.154475988286307,0.15832121688151513,1.0248920795902685
2003.11.07.16.31.44,0.1555640990589269,0.15695411351729524,1.0089353164822548
2003.11.07.16.41.44,0.15514976666968033,0.1588943573474999,1.0241353290965107
2003.11.07.16.51.44,0.1563093134296346,0.16026240232086955,1.025290168605433
2003.11.07.17.01.44,0.15435383837752464,0.1597430667142748,1.0349147672218488
2003.11.07.17.11.44,0.15474446173449957,0.1590646877919287,1.027918453487799
2003.11.07.17.21.44,0.15570725267358695,0.1596367788821705,1.0252366292585042
2003.11.07.17.31.44,0.15411772954643108,0.1580621994238937,1.0255938748194073
2003.11.07.17.41.44,0.15519701094747687,0.1575013912078934,1.0148480969211218
2003.11.07.17.51.44,0.15357813660468977,0.15898543411809382,1.0352087714628446
2003.11.07.18.01.44,0.15362872265246535,0.1563946994049131,1.0180042944098733
2003.11.07.18.11.44,0.15554684455047416,0.15817937877340593,1.0169243820441343
2003.11.07.18.21.44,0.153965118500405,0.15945823133053527,1.035677644934335
2003.11.07.18.31.44,0.15433906891438529,0.15865548413617594,1.0279670938288805
2003.11.07.18.41.44,0.15429854983268232,0.1575385096769993,1.0209979928381072
2003.11.07.18.51.44,0.15549079005206587,0.15899386765272386,1.022529164585793
2003.11.07.19.01.44,0.15429910030040883,0.1571740479457606,1.0186323033624594
2003.11.07.19.11.44,0.1527333757959643,0.15609550737248976,1.0220130770959774
2003.11.07.19.21.44,0.1560107753064472,0.15983477583556793,1.024511130860092
2003.11.07.19.31.44,0.15343389061437013,0.15790757191956076,1.0291570609809697
2003.11.07.19.41.44,0.15483456077677715,0.1573075729574569,1.0159719649687582
2003.11.07.19.51.44,0.15524398875615725,0.15840085375006663,1.0203348613959404
2003.11.07.20.01.44,0.1542124077343284,0.15820388348583608,1.0258829740754976
2003.11.07.20.11.44,0.15297619236236568,0.15826906357331808,1.0345993133259246
2003.11.07.20.21.44,0.1554082174870428,0.1598210698413522,1.0283952317687275
2003.11.07.20.31.44,0.15363925365502099,0.15809467115886014,1.0289992134031272
2003.11.07.20.41.44,0.15491621302058936,0.1598222810606753,1.0316691709952521
2003.11.07.20.51.44,0.15665061626489657,0.15896383328596714,1.0147667278701216
2003.11.07.21.01.44,0.1532944534323568,0.1588019555420662,1.03592760198685
2003.11.07.21.11.44,0.1537622081344783,0.15860776846910746,1.0315133373370347
2003.11.07.21.21.44,0.15480708430045886,0.16022965299600056,1.0350279105122686
2003.11.07.21.31.44,0.15417043046855444,0.15668333644622798,1.016299532731642
2003.11.07.21.41.44,0.1541365144535539,0.15763401323605972,1.0226909165223126
2003.11.07.21.51.44,0.1558115620584485,0.1591233903897872,1.0212553438755485
2003.11.07.22.01.44,0.15362675859703365,0.15845011907340115,1.0313966168421171
2003.11.07.22.11.44,0.15563405062788718,0.15838919690216408,1.017702721629114
2003.11.07.22.21.44,0.1544965989019358,0.15873232815640653,1.0274163268614043
2003.11.07.22.31.44,0.15402127174009927,0.15846448411113886,1.0288480436555363
2003.11.07.22.41.44,0.15446140326196783,0.15708134897343,1.016961814771414
2003.11.08.10.22.19,0.1542946944466173,0.15642732781300955,1.0138218191755783
2003.11.08.10.31.44,0.15597051363333672,0.15915716746373104,1.0204311299370705
2003.11.08.10.41.44,0.15422917470465217,0.15789570254082083,1.0237732442204275
2003.11.08.10.51.44,0.1538477457014625,0.15834827692981263,1.029253150300189
2003.11.08.11.01.44,0.15402672204366236,0.15698776372375134,1.019224207597235
2003.11.08.11.11.44,0.15548941068747255,0.15772676538727107,1.014389112994296
2003.11.08.11.21.44,0.15516781962151094,0.15926003942059666,1.0263728639679772
2003.11.08.11.31.44,0.15388169823205503,0.15984282211974088,1.0387383552181522
2003.11.08.11.41.44,0.1540053537206073,0.15960157347551238,1.0363378260541356
2003.11.08.11.51.44,0.15442585906274126,0.15771448193650447,1.0212958043019666
2003.11.08.12.01.44,0.15366122484701328,0.1577352881969603,1.0265132817599445
2003.11.08.12.11.44,0.15399144643833915,0.15768619837577139,1.023993228344093
2003.11.08.12.21.44,0.15519150326466613,0.1583148523685278,1.0201257738868283
2003.11.08.12.31.44,0.15298571040424208,0.15854269067233911,1.036323524945
2003.11.08.12.41.44,0.1531598365984862,0.15757354495698983,1.028817661709018
2003.11.08.12.51.44,0.15453113056112674,0.15844794929792796,1.0253464704657154
2003.11.08.13.01.44,0.15342333262623592,0.15744276272714555,1.026198297430428
2003.11.08.13.11.44,0.1550451147171566,0.1585128451271773,1.0223659443662367
2003.11.08.13.21.44,0.1524915392120166,0.1583810618167068,1.0386219631274212
2003.11.08.13.31.44,0.15501518653551538,0.15861800507257404,1.0232417133932437
2003.11.08.13.41.44,0.15344237024475385,0.16019158695527677,1.0439853522841007
2003.11.08.13.51.44,0.15370462776916072,0.15779402026702802,1.026605526178489
2003.11.08.14.01.44,0.1541180257761584,0.15759446339442934,1.0225569825512826
2003.11.08.14.11.44,0.15390023132267175,0.15621295592125595,1.015027427695903
2003.11.08.14.21.44,0.15268716949539549,0.1572615099747273,1.0299589054826885
2003.11.08.14.31.44,0.15501538450616362,0.15961872586411774,1.0296960290271775
2003.11.08.14.41.44,0.15406346728905268,0.1569894442174477,1.0189920230920504
2003.11.08.14.51.44,0.15396850343115026,0.15866546023468492,1.0305059586789773
2003.11.08.15.01.44,0.15424489488361115,0.15840488877892153,1.0269700588693673
2003.11.08.15.11.44,0.1535916869457072,0.1576649935632907,1.026520358611748
2003.11.08.15.21.44,0.15396850279688903,0.15705298916687324,1.0200332296148464
2003.11.08.15.31.44,0.15385128983783536,0.15774153726309695,1.025285764125618
2003.11.08.15.41.44,0.15358519654464178,0.15889164141306333,1.0345504969737052
2003.11.08.15.51.44,0.15298238687299717,0.1572002414691808,1.0275708510136217
2003.11.08.16.01.44,0.1528207244719282,0.1572648571764664,1.029080693864624
2003.11.08.16.11.44,0.15352654016539372,0.15710369379956904,1.0232999039144741
2003.11.08.16.21.44,0.15400142536246825,0.1580695317114236,1.026416030496993
2003.11.08.16.31.44,0.15456343162123196,0.15894303178659838,1.0283352932801009
2003.11.08.16.41.44,0.1539435935025188,0.15722720547228777,1.0213299683024175
2003.11.08.16.51.44,0.15319668793845545,0.15763786593754608,1.028990039268178
2003.11.08.17.01.44,0.15285642917278006,0.15782165366398357,1.0324829287068529
2003.11.08.17.11.44,0.15377680470104227,0.15829853295943513,1.029404488324384
2003.11.08.17.21.44,0.15309293749146505,0.15714033291461368,1.0264375058018225
2003.11.08.17.31.44,0.15413614302277548,0.15877287867250225,1.0300820791204153
2003.11.08.17.41.44,0.15443195321509123,0.15890397060803738,1.0289578503660934
2003.11.08.17.51.44,0.15286010777448814,0.15737872113228768,1.0295604485930743
2003.11.08.18.01.44,0.15348457653580375,0.1598413976794165,1.0414166770830544
2003.11.08.18.11.44,0.15162103363912566,0.15757365558237757,1.0392598691644577
2003.11.08.18.21.44,0.15322958195190722,0.157931046594758,1.030682486912523
2003.11.08.18.31.44,0.15474263032734387,0.15955080377226247,1.0310720674370557
2003.11.08.18.41.44,0.1543187308887842,0.1598716781259172,1.035983624315411
2003.11.08.18.51.44,0.15384552323526107,0.15717038006297696,1.0216116579657082
2003.11.08.19.01.44,0.15421051206467734,0.16044195735432643,1.040408693325884
2003.11.08.19.11.44,0.1543586608888735,0.15987984822716284,1.0357685620391859
2003.11.08.19.21.44,0.15196255031822395,0.15661421582237114,1.0306106043522314
2003.11.08.19.31.44,0.15523485247787663,0.15933084008302506,1.0263857473999414
2003.11.08.19.41.44,0.1531195286012287,0.1582054651061496,1.0332154660570192
2003.11.08.19.51.44,0.1523643421980271,0.1592350008573708,1.0450936128507937
2003.11.08.20.01.44,0.15256879243731744,0.1578326122703852,1.0345012879041457
2003.11.08.20.11.44,0.15338197076279247,0.15976093559743806,1.04158875259538
2003.11.08.20.21.44,0.15290004905165988,0.15722626711928775,1.0282944190957466
2003.11.08.20.31.44,0.15368690079692054,0.15808247976975898,1.028600869365221
2003.11.08.20.41.44,0.1537089982803341,0.1582884296249255,1.0297928644114864
2003.11.08.20.51.44,0.1538156606809044,0.15740581633353007,1.0233406379866192
2003.11.08.21.01.44,0.1538652551684326,0.1583938738938769,1.0294323674340053
2003.11.08.21.11.44,0.1532090061339309,0.1569328216086325,1.0243054606819024
2003.11.08.21.21.44,0.15275492540775282,0.15756381054839735,1.0314810480107797
2003.11.08.21.31.44,0.1538739255395062,0.15805173636245665,1.027150869182692
2003.11.08.21.41.44,0.15297873706545176,0.15790515859631732,1.0322033089393188
2003.11.08.21.51.44,0.153068655449932,0.15756761244061032,1.0293917587337134
2003.11.08.22.01.44,0.15333755846477243,0.15749330792454524,1.027101967067824
2003.11.08.22.11.44,0.154246432735797,0.15853516621173122,1.0278044256834142
2003.11.08.22.21.44,0.1529326917409257,0.1586038717521285,1.0370828496291036
2003.11.08.22.31.44,0.15415394139133898,0.15793338594018444,1.0245173397107692
2003.11.08.22.41.44,0.15457606134273955,0.15930334311292127,1.0305822371790156
2003.11.08.22.51.44,0.1534248670970583,0.1587959592982552,1.0350079638511214
2003.11.08.23.01.44,0.15398315083861447,0.15763302139334182,1.0237030515017365
2003.11.08.23.11.44,0.15319044360441922,0.15787813811335824,1.030600436937463
2003.11.08.23.21.44,0.15341294530485156,0.15699885564496363,1.0233742356812614
2003.11.08.23.31.44,0.15408228115274764,0.1578431623986786,1.0244082656214224
2003.11.08.23.41.44,0.15339247987062266,0.1595019959710536,1.039829306531741
2003.11.08.23.51.44,0.15194830262270742,0.15763678785348811,1.0374369777917518
2003.11.09.00.01.44,0.1533682777280923,0.15791776130612256,1.0296637847501688
2003.11.09.00.11.44,0.15430486561587867,0.15911952609275953,1.031202259615496
2003.11.09.00.21.44,0.154017315572288,0.15797134657237885,1.0256726393743372
2003.11.09.00.31.44,0.15280928437951052,0.15854385714581273,1.037527646239479
2003.11.09.00.41.44,0.15294438550856893,0.15801536605091016,1.0331557155594777
2003.11.09.00.51.44,0.15242752808583945,0.15889932291932132,1.0424581761231297
2003.11.09.01.01.44,0.15333810951644775,0.15723292956828414,1.0254002091464327
2003.11.09.01.11.44,0.15409357667045617,0.1594547576165807,1.0347917224193577
2003.11.09.01.21.44,0.1529304050509986,0.15821598327375538,1.034561984067159
2003.11.09.01.31.44,0.15299743251266915,0.16005322402714783,1.0461170582970039
2003.11.09.01.41.44,0.15365650596760255,0.1575372729953534,1.0252561191816314
2003.11.09.01.51.44,0.1529318231412183,0.15845129485680096,1.0360910607237444
2003.11.09.02.01.44,0.15393186684019086,0.158711381406283,1.031049545907568
2003.11.09.02.11.44,0.15239824538134453,0.15849212307295235,1.0399865344667136
2003.11.09.02.21.44,0.1535914445401745,0.15783271807369742,1.0276139959892983
2003.11.09.02.31.44,0.15193507765577252,0.15583088790416358,1.0256412825036856
2003.11.09.02.41.44,0.15239579751936239,0.15744174672964362,1.033110815996354
2003.11.09.02.51.44,0.15317011771536085,0.1566481697060825,1.022707118350493
2003.11.09.03.01.44,0.15339525178924013,0.15692509284886533,1.0230114101867709
2003.11.09.03.11.44,0.15249223805169765,0.15806685504577644,1.0365567261999846
2003.11.09.03.21.44,0.15363110637401245,0.15782765861603204,1.0273157717930061
2003.11.09.03.31.44,0.15204503261652244,0.15780484743203194,1.0378822952410192
2003.11.09.03.41.44,0.15439516647758317,0.15858431729953432,1.0271326552347697
2003.11.09.03.51.44,0.15399285380639421,0.15804207249870997,1.0262948480544856
2003.11.09.04.01.44,0.1529138252070529,0.1582577615530969,1.0349473720823348
2003.11.09.04.11.44,0.1525995083902222,0.15650129542195487,1.0255688047287488
2003.11.09.04.21.44,0.153556531445619,0.15681207076341214,1.0212009172592313
2003.11.09.04.31.44,0.15401750214438903,0.15797516771088185,1.025696206673853
2003.11.09.04.41.44,0.1533512394365261,0.15784573721774212,1.0293085194337561
2003.11.09.04.51.44,0.15470656148339548,0.1590396384295339,1.02800835920979
2003.11.09.05.01.44,0.15294589493459362,0.1586388390338255,1.0372219476806908
2003.11.09.05.11.44,0.15321788381868157,0.15834884662214152,1.0334880150774823
2003.11.09.05.21.44,0.15340093664408067,0.15703486920580528,1.023689115863458
2003.11.09.05.31.44,0.15259272731584392,0.15950849908170056,1.0453217652473177
2003.11.09.05.41.44,0.15261597136865093,0.15974394152977678,1.0467052700788957
2003.11.09.05.51.44,0.15381541719983527,0.15844058844992773,1.0300696206810238
2003.11.09.06.01.44,0.15410428439452942,0.15777331691781726,1.0238087639010385
2003.11.09.06.11.44,0.15277274837641816,0.156801969430194,1.0263739514841235
2003.11.09.06.21.44,0.15290705663490484,0.1581655713144259,1.0343902681488193
2003.11.09.06.31.44,0.15405122692655884,0.15882134254455932,1.030964476643049
2003.11.09.06.41.44,0.15450786729059302,0.1591555047965079,1.030080264438404
2003.11.09.06.51.44,0.1541604537740224,0.15884409366970495,1.0303815912643077
2003.11.09.07.01.44,0.15386673874172943,0.15767040261055654,1.024720507498451
2003.11.09.07.11.44,0.15254221127511927,0.15704681887995217,1.029530236694344
2003.11.09.07.21.44,0.1536816219265295,0.15714778775810248,1.0225541986616333
2003.11.09.07.31.44,0.15358119289971675,0.1584884896993706,1.031952459197645
2003.11.09.07.41.44,0.1533577892493156,0.15839259025119948,1.0328304224162932
2003.11.09.07.51.44,0.15228089584788493,0.15897336909079496,1.0439482129760729
2003.11.09.08.01.44,0.15358732660780072,0.15883630881522925,1.0341758810662307
2003.11.09.08.11.44,0.15559146146514397,0.16018334801242215,1.0295124584860775
2003.11.09.08.20.39,0.15445421155409417,0.15895581239127038,1.0291452126289196
2003.11.09.08.25.58,0.15374962048987714,0.15847000406228304,1.0307017575546906
2003.11.09.08.35.58,0.15472399758824582,0.15825064795483462,1.0227931699126207
2003.11.09.08.45.58,0.15491028921630134,0.15829169434321838,1.0218281506284943
2003.11.09.08.55.58,0.15545780002267698,0.15997323308208275,1.0290460373088202
2003.11.09.09.05.58,0.15474655406855997,0.1587064122616624,1.0255893141978982
2003.11.09.09.15.58,0.15577066491746167,0.1594187101518651,1.0234193340340199
2003.11.09.09.25.58,0.1534437484407458,0.15779319328064542,1.0283455330314692
2003.11.09.09.35.58,0.1551461171791974,0.16066493378228375,1.03557173523532
2003.11.09.09.45.58,0.15529062141549108,0.1596625009480447,1.0281528883889026
2003.11.09.09.55.58,0.1537801155084143,0.1579020581276175,1.0268041326772035
2003.11.09.10.05.58,0.15374500563534577,0.15834832040843336,1.0299412312879015
2003.11.09.10.15.58,0.15444674793992508,0.15895481159406988,1.029188466020005
2003.11.09.10.25.58,0.1533067347889212,0.15697069043694112,1.0238995087402036
2003.11.09.10.35.58,0.15466583213142537,0.15861646496812484,1.0255430225425772
2003.11.09.10.45.58,0.154204541677047,0.16151688064835512,1.0474197380426218
2003.11.09.10.55.58,0.15375798394539753,0.15776912058497458,1.0260873389247969
2003.11.09.11.05.58,0.1529166864285296,0.15728725261121568,1.0285813555391734
2003.11.09.11.15.58,0.15425793844164268,0.1581116056271151,1.0249819699679852
2003.11.09.11.25.58,0.15318105957238562,0.15924329269872328,1.039575605125469
2003.11.09.11.35.58,0.15549235279377488,0.16052612274637537,1.0323731029993266
2003.11.09.11.45.58,0.15434720492438064,0.15819929162022384,1.0249572818486117
2003.11.09.11.55.58,0.15428653826135277,0.15643055474245193,1.0138963289037395
2003.11.09.12.05.58,0.15383414173733506,0.15854843318072398,1.0306452871264322
2003.11.09.12.15.58,0.15495038599222857,0.16183064803237404,1.0444030003287024
2003.11.09.12.25.58,0.1537236689851306,0.15831053946057058,1.0298384139913006
2003.11.09.12.35.58,0.15381233333747574,0.15815745621699678,1.0282495088998327
2003.11.09.12.45.58,0.15577495599120708,0.1614694805963731,1.0365560983081739
2003.11.09.12.55.58,0.1527079049952781,0.15893232010213304,1.0407602678266552
2003.11.09.13.05.58,0.15408738056573412,0.15905854796170968,1.0322620021037663
2003.11.09.13.15.58,0.15292869368291387,0.15837277092452634,1.0355987951672454
2003.11.09.13.25.58,0.15391561329385983,0.15732505769678545,1.0221513875685646
2003.11.09.13.35.58,0.15273478628461248,0.1574585486128016,1.0309278746715018
2003.11.09.13.45.58,0.15345545656130152,0.16031214638118893,1.0446819550997741
2003.11.09.13.55.58,0.15420843842173085,0.15892033768674402,1.0305553918659562
2003.11.09.14.05.58,0.15470522010246818,0.15951728360754908,1.0311047261488246
2003.11.09.14.15.58,0.15309296029598324,0.15924092905508974,1.0401584027588224
2003.11.09.14.25.58,0.15388152101459626,0.15821530678408222,1.0281631331748722
2003.11.09.14.35.58,0.15245803469725694,0.15970882058623712,1.0475592244343068
2003.11.09.14.45.58,0.15341115974904457,0.15780117115896392,1.0286159847634337
2003.11.09.14.55.58,0.15391063223456575,0.15826920332982108,1.0283188434221535
2003.11.09.15.05.58,0.1527722176584514,0.15762338281659505,1.0317542366831989
2003.11.09.15.15.58,0.15341446189698227,0.15815923511557506,1.0309278092816236
2003.11.09.15.25.58,0.15552818870053348,0.1591886849067601,1.023535901991856
2003.11.09.15.35.58,0.15467346653514946,0.1589887818799549,1.027899519170761
2003.11.09.15.45.58,0.15350267200443124,0.15803535425138066,1.0295283605670302
2003.11.09.15.55.58,0.1541331967292717,0.1572474477199968,1.0202049335043322
2003.11.09.16.05.58,0.1535294068241183,0.15771785605675923,1.0272810878338061
2003.11.09.16.15.58,0.15242703556743142,0.15884087796193633,1.0420781154119312
2003.11.09.16.25.58,0.15425870239835743,0.15797465447051348,1.024089091988859
2003.11.09.16.35.58,0.1535884409051915,0.15774461906432816,1.0270604879810077
2003.11.09.16.45.58,0.15416179165997165,0.15882583818447174,1.030254231442687
2003.11.09.16.55.58,0.15321498934172328,0.15743566968095454,1.0275474374757005
2003.11.09.17.05.58,0.15430762731523107,0.15849957333095177,1.02716616209228
2003.11.09.17.15.58,0.15433036377084267,0.16013457307571227,1.0376089912772317
2003.11.09.17.25.58,0.15301365578739,0.1583962384634654,1.035177139245365
2003.11.09.17.35.58,0.1549418525949231,0.15772732788244878,1.0179775524874353
2003.11.09.17.45.58,0.15432072647928324,0.1589090552542456,1.0297324207813285
2003.11.09.17.55.58,0.15453167293293996,0.15809691280316207,1.0230712565427884
2003.11.09.18.05.58,0.1541679622869263,0.15866361222946843,1.0291607275328394
2003.11.09.18.15.58,0.15396274534160853,0.1570867907064535,1.0202909175067867
2003.11.09.22.02.15,0.1552879894517562,0.15865931941954078,1.0217101784863534
2003.11.09.22.05.58,0.15431358612036764,0.15899267822297863,1.0303219711254796
2003.11.09.22.15.58,0.1535434173315788,0.1592389675277282,1.0370940695155286
2003.11.09.22.25.58,0.15306927031142428,0.15807641839545322,1.0327116479607026
2003.11.09.22.35.58,0.15379086648833987,0.1599250987401016,1.039886843684744
2003.11.09.22.45.58,0.15331362266456056,0.1577792075031197,1.0291271236107278
2003.11.09.22.55.58,0.15489243495487443,0.15748490549568356,1.0167372314959373
2003.11.09.23.05.58,0.15395132874091652,0.15800544439665481,1.0263337490419517
2003.11.09.23.15.58,0.15388433663794376,0.15749878409748913,1.0234880790242438
2003.11.09.23.25.58,0.15439690412668983,0.15872002239104083,1.02800003205248
2003.11.09.23.35.58,0.15538319159570882,0.15906178183163022,1.023674312505388
2003.11.09.23.45.58,0.15424021459667425,0.15676484771934285,1.0163681898995687
2003.11.09.23.55.58,0.15561295353727386,0.1601683600604474,1.0292739545110066
2003.11.10.00.05.58,0.15537917959985822,0.15826923479815574,1.0186000158176929
2003.11.10.00.15.58,0.1553617335823682,0.159013013851756,1.0235017992216984
2003.11.10.00.25.58,0.15434936132617094,0.16017086914985118,1.0377164361009452
2003.11.10.00.35.58,0.15470730144726122,0.15808053954368284,1.0218040006183646
2003.11.10.00.45.58,0.1537293631348408,0.1600895069770053,1.041372342358472
2003.11.10.00.55.58,0.15434441609367303,0.15794987445957934,1.023359823809357
2003.11.10.01.05.58,0.1546858689939267,0.15826831033608915,1.0231594609479364
2003.11.10.01.15.58,0.15349681643685645,0.15995671838910833,1.042084924640175
2003.11.10.01.25.58,0.15565141844037272,0.15993139825699487,1.0274972104944982
2003.11.10.01.35.58,0.15522353211377135,0.15660865135021876,1.00892338434505
2003.11.10.01.45.58,0.15493334457038493,0.16062983364565642,1.036767353671137
2003.11.10.01.55.58,0.1555383672648207,0.15830932577379364,1.0178152732197265
2003.11.10.02.05.58,0.1554490563845898,0.1589937035039635,1.0228026287313319
2003.11.10.02.15.58,0.15465105394509318,0.1567890686895833,1.0138247667245075
2003.11.10.02.25.58,0.1539745346614782,0.15879921327487345,1.0313342633182987
2003.11.10.02.35.58,0.15402657542612574,0.1570360234038177,1.0195384982712632
2003.11.10.02.45.58,0.1540351367053756,0.1582417810797669,1.027309641581566
2003.11.10.02.55.58,0.15323299651414224,0.1584843924073243,1.0342706597968108
2003.11.10.03.05.58,0.15263807961845358,0.1577017806219325,1.0331745591672572
2003.11.10.03.15.58,0.15306007169368177,0.15790441707450942,1.0316499615296313
2003.11.10.03.25.58,0.15479382535857375,0.15812582525105798,1.0215254057115377
2003.11.10.03.35.58,0.1534831142419969,0.1606049181877496,1.0464012212739164
2003.11.10.03.45.58,0.15357311391763656,0.15847548700183492,1.0319220790614922
2003.11.10.03.55.58,0.15366427170437993,0.15924372534734296,1.0363093748538814
2003.11.10.04.05.58,0.15505741596613093,0.15884630337437233,1.0244353834006172
2003.11.10.04.15.58,0.15562798691912713,0.15794947242660784,1.0149168896510052
2003.11.10.04.25.58,0.15427217191491066,0.1583514147604644,1.026441857886098
2003.11.10.04.35.58,0.15477930703656337,0.1570997964509244,1.014992245790407
2003.11.10.04.45.58,0.15473445120794851,0.1585561893637296,1.0246986894382364
2003.11.10.04.55.58,0.15376804486333873,0.1595705180919728,1.037735234481202
2003.11.10.05.05.58,0.15361472135569396,0.15856741699486018,1.0322410221849656
2003.11.10.05.15.58,0.1548175140172596,0.15723071675412417,1.0155874014137414
2003.11.10.05.25.58,0.15499823193926077,0.15884617780458238,1.024825740378958
2003.11.10.05.35.58,0.15317209304534107,0.15899310740760117,1.0380030999546177
2003.11.10.05.45.58,0.15496203557872854,0.1577132981832164,1.0177544299428751
2003.11.10.05.55.58,0.15575057386656918,0.1572173538064123,1.0094174930045503
2003.11.10.06.05.58,0.1538845977789647,0.15900518859458643,1.0332755252281765
2003.11.10.06.15.58,0.1530035454233312,0.1593496746116167,1.0414770074165731
2003.11.10.06.25.58,0.15456529074007042,0.15817055822207005,1.0233252075206363
2003.11.10.06.35.58,0.15593515153542192,0.16106530347167225,1.0328992654044715
2003.11.10.06.45.58,0.15425310787489016,0.1601455892793336,1.0382000822260427
2003.11.10.06.55.58,0.15581548614517188,0.15848259620785257,1.0171171051649883
2003.11.10.07.05.58,0.15433055360294223,0.15837319022742613,1.0261946615890765
2003.11.10.07.15.58,0.15379993536145423,0.1594837022066244,1.036955586696525
2003.11.10.07.25.58,0.15586080889064727,0.15939618639817346,1.0226829151772632
2003.11.10.07.35.58,0.15342842132000836,0.15954122964010942,1.0398414339892832
2003.11.10.07.45.58,0.1549223728244649,0.1572594268835735,1.0150853231621788
2003.11.10.07.55.58,0.15417241166801293,0.15738814728641418,1.0208580483603373
2003.11.10.08.05.58,0.15430003367020048,0.15823440601238958,1.025498194968631
2003.11.10.08.15.58,0.15396816727233953,0.16007037377524574,1.0396329099125574
2003.11.10.08.25.58,0.15480134525946673,0.15907105008331773,1.0275818328109128
2003.11.10.08.35.58,0.15437054760153207,0.16032098737888506,1.03854647061765
2003.11.10.08.45.58,0.1553332506258721,0.15910893001754528,1.02430696181571
2003.11.10.08.55.58,0.15565398763664073,0.1585730730055449,1.0187536818890788
2003.11.10.09.05.58,0.15457272051605475,0.15888766945205737,1.0279153328064408
2003.11.10.09.15.58,0.15544665358049686,0.15872127000731306,1.0210658534705637
2003.11.10.09.25.58,0.15581457454495393,0.16048413935456363,1.0299687293261677
2003.11.10.09.35.58,0.1556927425351773,0.15775042993453695,1.0132163347234682
2003.11.10.09.45.58,0.1568107002188467,0.16226619387839616,1.034790315022736
2003.11.10.09.55.58,0.15632519190776642,0.15914372895230194,1.0180299605593863
2003.11.10.10.05.58,0.15617344483953371,0.16002656929666204,1.0246720846881963
2003.11.10.10.15.58,0.15570832592919326,0.15952158592790233,1.0244897629972793
2003.11.10.10.25.58,0.1544293704861546,0.15967067609516625,1.0339398237039472
2003.11.10.10.35.58,0.15517005854968444,0.1609601397910753,1.037314423256062
2003.11.10.10.45.58,0.15593729928594297,0.15883809947774852,1.018602349823222
2003.11.10.10.55.58,0.15460026170084173,0.1579193375983448,1.021468759890754
2003.11.10.11.05.58,0.15513044095514425,0.15834839348949242,1.0207435272828151
2003.11.10.11.15.58,0.15552638912687375,0.1591601551283133,1.0233643050664234
2003.11.10.11.25.58,0.15534187992361598,0.1588806253921478,1.0227803697899878
2003.11.10.11.35.58,0.1554890349517752,0.15810552112607226,1.0168274642331439
2003.11.10.11.45.58,0.15431128603587904,0.15844437330998457,1.0267840893578226
2003.11.10.11.55.58,0.15493293092799057,0.15932859511306538,1.0283714001842372
2003.11.10.12.05.58,0.15541967551474742,0.158624499943804,1.0206204550256732
2003.11.10.12.15.58,0.1536957832825225,0.15894161172424295,1.0341312450457902
2003.11.10.12.25.58,0.1541936019896132,0.15899372853320543,1.0311305169712266
2003.11.10.12.35.58,0.15494418318331202,0.15873336573160785,1.0244551455269082
2003.11.10.12.45.58,0.15423764274473703,0.15926447009784347,1.0325914430722067
2003.11.10.12.55.58,0.15582863058300614,0.15795818754870505,1.01366601861116
2003.11.10.13.05.58,0.15507846253111882,0.15927991158452784,1.027092408480423
2003.11.10.13.15.58,0.15438724220815858,0.1582142648855698,1.0247884645303222
2003.11.10.13.25.58,0.1544371732404981,0.15854157808733288,1.026576534397215
2003.11.10.13.35.58,0.1541112980527385,0.15784708717517565,1.0242408517067887
2003.11.10.13.45.58,0.15513409868310302,0.16015970484078543,1.0323952387021524
2003.11.10.13.55.58,0.15484440905510602,0.1584352812036452,1.0231901956967737
2003.11.10.14.05.58,0.15535040203394834,0.15829309926031992,1.0189423212804336
2003.11.10.14.15.58,0.15583506514676623,0.15837899761258004,1.0163245188970653
2003.11.10.14.25.58,0.15430531416794677,0.15998492940498724,1.0368076450747428
2003.11.10.14.35.58,0.15567607564216074,0.15908243781600903,1.0218810896908668
2003.11.10.14.45.58,0.1527780636045306,0.15982872241187596,1.0461496803991188
2003.11.10.14.55.58,0.1555247556158665,0.15815570662819126,1.016916605989229
2003.11.10.15.05.58,0.15272184219680032,0.15765231845940295,1.0322840282154868
2003.11.10.15.15.58,0.15395607553246923,0.15704199698921106,1.0200441680918986
2003.11.10.15.25.58,0.15336795346613524,0.15850584786875765,1.033500443127168
2003.11.10.15.35.58,0.155337444551169,0.15866391397433838,1.0214144724266636
2003.11.10.15.45.58,0.1545189744871564,0.15821997317693293,1.0239517425096822
2003.11.10.15.55.58,0.15339832684774465,0.1576975669039376,1.0280266424317663
2003.11.10.16.05.58,0.15313167029476832,0.15768055932505598,1.0297057363870672
2003.11.10.16.15.58,0.15357671844151907,0.15503784757177036,1.0095140015041255
2003.11.10.16.25.58,0.15320819853914272,0.1565276795110852,1.0216664708781522
2003.11.14.11.02.17,0.1527716580134794,0.16060784608670078,1.0512934674868162
2003.11.14.11.12.17,0.15332003172744993,0.16095075006135418,1.0497698718682047
2003.11.14.11.22.17,0.15324811918962086,0.1616784715842778,1.055011131224558
2003.11.14.11.32.17,0.1534681407160579,0.1609545934490338,1.0487818038196415
2003.11.14.11.42.17,0.15350870165686048,0.16121664792557677,1.0502117872506402
2003.11.14.11.52.17,0.15349913015709366,0.15981071383925577,1.0411180420091157
2003.11.14.12.02.17,0.1531212622311664,0.1596940310247126,1.0429252521679409
2003.11.14.12.12.17,0.1541358499957302,0.1603062856678096,1.0400324497659066
2003.11.14.12.22.17,0.15379366583312404,0.1602678330804797,1.0420964492411577
2003.11.14.12.32.17,0.1544032971598344,0.16269318849904066,1.053689859554131
2003.11.14.12.42.17,0.15398471477004627,0.1604104616630022,1.041729771052613
2003.11.14.12.52.17,0.15409150335514935,0.16205775428117056,1.051698184212407
2003.11.14.13.02.17,0.15292175478308342,0.16057798512448904,1.0500663254372526
2003.11.14.13.12.17,0.1529290955049206,0.1603600977098106,1.0485911603698128
2003.11.14.13.22.17,0.15388426635507813,0.16216732894798816,1.053826572326747
2003.11.14.13.32.17,0.15375700901833914,0.1622260166211018,1.0550804653188366
2003.11.14.13.42.17,0.15191507074909694,0.16115520060376773,1.0608243132765398
2003.11.14.13.52.17,0.15278259453028756,0.16166635050844302,1.0581463877182316
2003.11.14.14.02.17,0.1531544072527379,0.16172438426175487,1.055956450504716
2003.11.14.14.12.17,0.1551501049890879,0.16219482973562613,1.0454058651589935
2003.11.14.14.22.17,0.15257725694197513,0.16119187194172702,1.0564606755450323
2003.11.14.14.32.17,0.1563150195968465,0.16156597312514476,1.0335921240443884
2003.11.14.14.42.17,0.15294613644776017,0.1620493203520536,1.05951888760134
2003.11.14.14.52.17,0.1535692341192361,0.16281741190407317,1.060221553085669
2003.11.14.15.02.17,0.15300333671172625,0.1628486249810023,1.0643468860278882
2003.11.14.15.12.17,0.15193164918933325,0.15985763441653328,1.0521680984145896
2003.11.14.15.22.17,0.15383725960054753,0.16347047199676076,1.0626195007713135
2003.11.14.15.32.17,0.1535589805190399,0.1641543501817535,1.0689986976137802
2003.11.14.15.42.17,0.15510676026556072,0.1617516207535685,1.0428405601189208
2003.11.14.15.52.17,0.1535756180485183,0.16194223446861386,1.0544788067690039
2003.11.14.16.02.17,0.15353140424630965,0.1597704094638127,1.0406366713580881
2003.11.14.16.12.17,0.15272138243971234,0.16080984257423425,1.0529621982548178
2003.11.14.16.22.17,0.1525340979105676,0.15852092709220406,1.039249120450082
2003.11.14.16.32.17,0.15269241543203366,0.1612186841260284,1.0558395036837305
2003.11.14.16.42.17,0.15213678682125792,0.15870695297884124,1.0431859137744408
2003.11.14.16.52.17,0.15420309776826185,0.16077860997589588,1.0426418943769584
2003.11.14.17.02.17,0.15375035140330778,0.15967670722456087,1.0385453156182223
2003.11.14.17.12.17,0.15236488026537234,0.1605406741503244,1.0536593069919546
2003.11.14.17.52.14,0.15392731280365135,0.15956300338982485,1.0366126744079678
2003.11.14.17.58.46,0.15270634237631758,0.16209996734750598,1.0615143079521836
2003.11.14.18.08.46,0.15299956437591172,0.1599508136677296,1.0454331312652565
2003.11.14.18.18.46,0.15215410840683247,0.15961478499764284,1.049033684787938
2003.11.14.18.28.46,0.1548594076341909,0.15976739531415274,1.0316931838687868
2003.11.14.18.38.46,0.1519853118224443,0.15873879681802547,1.0444351162266976
2003.11.14.18.48.46,0.15199104603946864,0.15770735776544914,1.0376095294751515
2003.11.14.18.58.46,0.15536187139702062,0.16095746341594996,1.036016507580744
2003.11.14.19.08.46,0.15405237368470057,0.15961822953290375,1.036129633806194
2003.11.14.19.18.46,0.15285591455758057,0.16152582045551764,1.056719466322457
2003.11.14.19.28.46,0.15400347262343836,0.16116060264143342,1.0464738222851333
2003.11.14.19.38.46,0.15263317315339742,0.16025317783388687,1.0499236471538942
2003.11.14.19.48.46,0.15479478271524327,0.15989634398669814,1.0329569329273816
2003.11.14.19.58.46,0.153801619097815,0.1600362541323645,1.0405368621677797
2003.11.14.20.08.46,0.15324654041262237,0.16075191453710203,1.0489758144247245
2003.11.14.20.18.46,0.1519669604883842,0.1640195431857893,1.0793105465732227
2003.11.14.20.28.46,0.1548357824640351,0.16001717391350725,1.033463785741359
2003.11.14.20.38.46,0.1542687219569111,0.16109362118084083,1.0442403303622103
2003.11.14.20.48.46,0.15376695838259394,0.15950409309133928,1.0373105819942834
2003.11.14.20.58.46,0.15473680243349913,0.16101407068027082,1.0405673902268302
2003.11.14.21.08.46,0.15265781121258995,0.16062057234899502,1.0521608496358972
2003.11.14.21.18.46,0.15395575552152352,0.1617333385630012,1.050518299982558
2003.11.14.21.28.46,0.15285389521124412,0.16056914961050464,1.0504746993107243
2003.11.14.21.38.46,0.15169147073887138,0.1587212115567635,1.046342360474528
2003.11.14.21.48.46,0.15220241552934943,0.15863495031340824,1.0422630269150912
2003.11.14.21.58.46,0.15382225261772312,0.1610748008071968,1.0471488881878332
2003.11.14.22.08.46,0.15412050156908474,0.16130577221053652,1.0466211215788899
2003.11.14.22.18.46,0.1534218154852721,0.16197727147538132,1.0557642729167842
2003.11.14.22.28.46,0.15446591752789474,0.16056197678364537,1.0394654002210537
2003.11.14.22.38.46,0.15143798090488025,0.15947097569728402,1.0530447827183418
2003.11.14.22.48.46,0.15234119116440775,0.16107568824546428,1.057335097712543
2003.11.14.22.58.46,0.15365496395892567,0.15903274033984321,1.034999040983506
2003.11.14.23.08.46,0.1540753265451675,0.15961668714895147,1.0359652692487367
2003.11.14.23.18.46,0.15281218094930907,0.16153326757421557,1.0570706246761798
2003.11.14.23.28.46,0.15384010348867505,0.16115476566361217,1.0475471740401916
2003.11.14.23.38.46,0.1533279816951333,0.16121029262198375,1.0514081698572353
2003.11.14.23.48.46,0.15285332516393577,0.16077296139956962,1.0518119983790999
2003.11.14.23.58.46,0.15204016337565834,0.1616640408667772,1.0632982580223906
2003.11.15.00.08.46,0.1532840334864496,0.16129288552777213,1.0522484427057468
2003.11.15.00.18.46,0.1521525758824222,0.16301179081683784,1.0713705625516798
2003.11.15.00.28.46,0.15450815534579193,0.16159499371016262,1.0458670828637506
2003.11.15.00.38.46,0.1547010383911397,0.1625888214285214,1.050987266274442
2003.11.15.00.48.46,0.153730994760328,0.16280043291413954,1.058995508146884
2003.11.15.00.58.46,0.1544432544582516,0.1625924971122207,1.0527652870470428
2003.11.15.01.08.46,0.1514916833590317,0.16129701273848618,1.0647251991795224
2003.11.15.01.18.46,0.15291967915047552,0.15995186073911816,1.0459861126292507
2003.11.15.01.28.46,0.15340997827894662,0.16061136265673462,1.0469420858967444
2003.11.15.01.38.46,0.15142378849012836,0.15939271255740098,1.052626632491051
2003.11.15.01.48.46,0.1542647137368001,0.16076750867542586,1.042153482679912
2003.11.15.01.58.46,0.15318408426424399,0.16262472422031765,1.0616293788053626
2003.11.15.02.08.46,0.15353757794688855,0.1593729509672203,1.0380061552250766
2003.11.15.02.18.46,0.15292245788307224,0.1620257345975478,1.0595287104359525
2003.11.15.02.28.46,0.15393629338747572,0.16156529237794817,1.049559456204843
2003.11.15.02.38.46,0.1529284629979713,0.15926363005225605,1.0414256896989071
2003.11.15.02.48.46,0.1517098035789155,0.16180840238390357,1.0665652355138344
2003.11.15.02.58.46,0.1537548684442626,0.16104773727575505,1.0474317913005544
2003.11.15.03.08.46,0.1523522829341076,0.16188422542485803,1.0625651438047239
2003.11.15.03.18.46,0.1545923612101557,0.1637086705357836,1.0589699856724164
2003.11.15.03.28.46,0.15308075221666095,0.1614956226428831,1.0549701402976663
2003.11.15.03.38.46,0.15155544168487278,0.1627217792472976,1.0736782357550898
2003.11.15.03.48.46,0.15324236446108824,0.16144299844851392,1.0535141441876408
2003.11.15.03.58.46,0.15354516255277917,0.16095087929823498,1.0482315210868998
2003.11.15.04.08.46,0.152984443621678,0.16170637075204203,1.0570118563945812
2003.11.15.04.18.46,0.15323400982672916,0.16141283097062983,1.0533747120051806
2003.11.15.04.28.46,0.15278798563593768,0.1598395249319415,1.0461524462584786
2003.11.15.04.38.46,0.15350537513491994,0.16245473964043222,1.0583000073948319
2003.11.15.04.48.46,0.152866494327209,0.15938499156793082,1.0426417657408238
2003.11.15.04.58.46,0.15434122353166052,0.1631885904849145,1.0573234211237095
2003.11.15.05.08.46,0.15181287020076312,0.15874935961977138,1.0456910498420535
2003.11.15.05.18.46,0.1533378810396138,0.15737224667468372,1.0263102998927425
2003.11.15.05.28.46,0.15237795241064034,0.1603558848762749,1.0523562125584611
2003.11.15.05.38.46,0.15130900176021211,0.16136915216820213,1.0664874547512573
2003.11.15.05.48.46,0.15223843507236026,0.1590848684235183,1.0449717796159943
2003.11.15.05.58.46,0.15430282899904776,0.15947028294506196,1.033489042161671
2003.11.15.06.08.46,0.1532211445611375,0.15878523661596344,1.0363141266876896
2003.11.15.06.18.46,0.15191652579804107,0.1598814447244817,1.0524295752855042
2003.11.15.06.28.46,0.152663798271674,0.16212806518762993,1.0619941795180132
2003.11.15.06.38.46,0.15183588037849455,0.15977290493805185,1.0522737085580298
2003.11.15.06.48.46,0.1536006718938755,0.16109138410605056,1.0487674443074735
2003.11.15.06.58.46,0.15451807562016612,0.1601945634050396,1.0367367232738993
2003.11.15.07.08.46,0.15292596471362785,0.16259074194195183,1.0631990600577372
2003.11.15.07.18.46,0.15223601142248874,0.16058931114949324,1.0548707211188175
2003.11.15.07.28.46,0.1529402064150603,0.16134686044357976,1.054966932669784
2003.11.15.07.38.46,0.15188154692679096,0.15985556209410381,1.052501540369196
2003.11.15.07.48.46,0.15393361764922608,0.16044828481354786,1.0423212762995473
2003.11.15.07.58.46,0.15325634370154348,0.16198911623716228,1.0569814751200466
2003.11.15.08.08.46,0.15237354468260106,0.16255715956842112,1.066833221652964
2003.11.15.08.18.46,0.154097042590558,0.16151418326724243,1.0481329203467717
2003.11.15.08.28.46,0.15439531116382713,0.16236480463806266,1.051617457901809
2003.11.15.08.38.46,0.15241309239176887,0.15877696959640825,1.0417541374220096
2003.11.15.08.48.46,0.15378247005332932,0.15888382539045037,1.033172541287391
2003.11.15.08.58.46,0.15493357951877315,0.16329716085756246,1.0539817214884388
2003.11.15.09.08.46,0.1522619089464454,0.15871478571048445,1.042380112062753
2003.11.15.09.18.46,0.1531282745185593,0.1601407323275082,1.0457946635328865
2003.11.15.09.28.46,0.15399193538010159,0.16328699466569016,1.0603606887766257
2003.11.15.09.38.46,0.1521325953321641,0.15988556958440034,1.0509619535202728
2003.11.15.09.48.46,0.15201027973951095,0.16136977141026135,1.0615714390289201
2003.11.15.09.58.46,0.1531248979591497,0.16080681374760292,1.050167646743527
2003.11.15.10.08.46,0.15242536788027608,0.16091152763727806,1.0556741956736986
2003.11.15.10.18.46,0.15221537058710186,0.16107949424677517,1.0582340904567258
2003.11.15.10.28.46,0.1519993996056193,0.16100918761391772,1.0592751552418982
2003.11.15.10.38.46,0.1527361189158752,0.16108584713277693,1.0546676730832778
2003.11.15.10.48.46,0.1526212152735081,0.16040638195859563,1.0510097280455797
2003.11.15.10.58.46,0.1543761179425614,0.16270191061800718,1.053931869685592
2003.11.15.11.08.46,0.15261370616870187,0.15870040317765421,1.0398830299175357
2003.11.15.11.18.46,0.15181375469067765,0.16017455017398205,1.0550727139338567
2003.11.15.11.28.46,0.15288353410357833,0.16103630401539118,1.0533266709172837
2003.11.15.11.38.46,0.15243315661734533,0.16095995019384868,1.0559379190572578
2003.11.15.11.48.46,0.15199001239287896,0.1586619953226532,1.0438975089529425
2003.11.15.11.58.46,0.15341147644004874,0.16235646906383186,1.0583071933818375
2003.11.15.12.08.46,0.15326291588873922,0.1591281476760554,1.0382690865125783
2003.11.15.12.18.46,0.15195585939056447,0.15954455242653814,1.0499401146254508
2003.11.15.12.28.46,0.15358167885551366,0.16096950288602807,1.0481035504076286
2003.11.15.12.38.46,0.15273849482934673,0.1609526283848275,1.0537790657467085
2003.11.15.12.48.46,0.15369544668607216,0.16044246407152862,1.0438986159377737
2003.11.15.12.58.46,0.15504951987439772,0.159196323708878,1.026745028542104
2003.11.15.13.08.46,0.15278553538937756,0.1598642261445044,1.0463308960307443
2003.11.15.13.18.46,0.1531510963094331,0.16087830631679143,1.0504548135375142
2003.11.15.13.28.46,0.1529800624647498,0.1609121248199231,1.051850301453505
2003.11.15.13.38.46,0.15316703154001926,0.1619436980191727,1.0573012768538266
2003.11.15.13.48.46,0.15307698003425027,0.16265850862985157,1.0625928770835267
2003.11.15.13.58.46,0.15318882996796185,0.16013031527819382,1.0453132601879898
2003.11.15.14.08.46,0.1524132253440154,0.16138345721811723,1.0588546817630484
2003.11.15.14.18.46,0.15171117804225484,0.16117226111805422,1.0623624652968173
2003.11.15.14.28.46,0.152353238967303,0.15793109080659,1.036611311168016
2003.11.15.14.38.46,0.1530875324058919,0.16087231295104434,1.0508518258986115
2003.11.15.14.48.46,0.15238737212000417,0.15866230261007574,1.0411774965522085
2003.11.15.14.58.46,0.15207051763568236,0.1604287964502282,1.05496317724498
2003.11.15.15.08.46,0.1565656782985778,0.1627856154326815,1.0397273348903584
2003.11.15.15.18.46,0.15305252159057808,0.15937683056546753,1.0413211681138272
2003.11.15.15.28.46,0.15260290953336006,0.15844853619723623,1.0383061285119093
2003.11.15.15.38.46,0.15263395164038496,0.1618987692189455,1.0606995853739607
2003.11.15.15.48.46,0.15251271751531492,0.16015890256949697,1.0501347374746912
2003.11.15.15.58.46,0.15307270647243704,0.16117223551825893,1.0529129538013384
2003.11.15.16.08.46,0.15270422992156274,0.16095451245033485,1.0540278585145277
2003.11.15.16.18.46,0.15235954261092205,0.15905565140585426,1.0439493889269014
2003.11.15.16.28.46,0.1543065561836243,0.15981424214439557,1.0356931429032552
2003.11.15.16.38.46,0.15164030638168485,0.157670699133461,1.0397677431262726
2003.11.15.16.48.46,0.15262241708630364,0.16043074464741788,1.05116107915326
2003.11.15.16.58.46,0.15281923090365418,0.15970682307258352,1.045070192594227
2003.11.15.17.08.46,0.15115014992472098,0.15972464816809545,1.056728347591087
2003.11.15.17.18.46,0.15240617983646118,0.16002395679412154,1.0499833862762953
2003.11.15.17.28.46,0.1541355587104558,0.16051123920198315,1.041364111856266
2003.11.15.17.38.46,0.15216922952444262,0.1617725109915155,1.0631092205505996
2003.11.15.17.48.46,0.15239777103105667,0.15924264142388572,1.04491450463166
2003.11.15.17.58.46,0.151390506631185,0.16073487061870706,1.0617235796052036
2003.11.15.18.08.46,0.15267530571316823,0.1600898891480092,1.0485643922585017
2003.11.15.18.18.46,0.1525513974286105,0.1615265201111531,1.0588334347231574
2003.11.15.18.28.46,0.15444024067403264,0.15955438128092095,1.033114041939901
2003.11.15.18.38.46,0.15211466413505922,0.16175978917682615,1.0634069377637598
2003.11.15.18.48.46,0.151913715808617,0.15830314878126242,1.042059618768689
2003.11.15.18.58.46,0.15350094570402897,0.15830115728093833,1.0312715439953368
2003.11.15.19.08.46,0.15350985342204013,0.1616138239018305,1.0527912072035555
2003.11.15.19.18.46,0.1528262620017315,0.1596732027907411,1.0448021216990313
2003.11.15.19.28.46,0.1521376636509575,0.16154799817048376,1.061854075405785
2003.11.15.19.38.46,0.15197832181839083,0.16065116715967434,1.057066331813081
2003.11.15.19.48.46,0.15260294440992325,0.1589243715085103,1.0414240178853063
2003.11.15.19.58.46,0.154004158895243,0.1605991406713467,1.042823400506929
2003.11.15.20.08.46,0.152990610510243,0.15820173625933678,1.034061735760868
2003.11.15.20.18.46,0.1534611846855032,0.15976944096909812,1.041106526686359
2003.11.15.20.28.46,0.1533187820385397,0.1615519403887164,1.0536996070586258
2003.11.15.20.38.46,0.15287300166697806,0.16105505567051054,1.0535219032419894
2003.11.15.20.48.46,0.1525927716344327,0.1620620268203177,1.062055725736279
2003.11.15.20.58.46,0.1530333588978131,0.16267642751289865,1.063012853436254
2003.11.15.21.08.46,0.1533130157897459,0.16226946252082328,1.0584193500137018
2003.11.15.21.18.46,0.1522139833540783,0.1621770578586969,1.0654543970605028
2003.11.15.21.28.46,0.15322851889875544,0.16134521126226717,1.0529711598196336
2003.11.15.21.38.46,0.15236341283363436,0.16056491458869523,1.0538285511103385
2003.11.15.21.48.46,0.15240191069278788,0.16121348378319855,1.0578179961809866
2003.11.15.21.58.46,0.15262764973257836,0.15970545917847095,1.046373048777818
2003.11.15.22.08.46,0.15213771050921063,0.15939905562940726,1.047728765576218
2003.11.15.22.18.46,0.15078767230493553,0.15919564755111473,1.0557603623536007
2003.11.15.22.28.46,0.15316845365581158,0.16253103024043017,1.061126011010449
2003.11.15.22.38.46,0.15299421567267463,0.15844502124036391,1.0356275271174373
2003.11.15.22.48.46,0.1525066022200453,0.16194490979525647,1.0618878621503418
2003.11.15.22.58.46,0.15252019317510676,0.16136991997958836,1.0580233123250855
2003.11.15.23.08.46,0.15109298264412174,0.15985133061814225,1.0579666098368683
2003.11.15.23.18.46,0.15238598757426608,0.15895027997429337,1.0430767454706302
2003.11.15.23.28.46,0.1531670514643958,0.15963470262211157,1.0422261256313288
2003.11.15.23.38.46,0.15111809960854086,0.1599507892461577,1.0584489194907638
2003.11.15.23.48.46,0.15159232035890496,0.16145920083772325,1.0650882607737502
2003.11.15.23.58.46,0.15318925262282804,0.16259959072610508,1.061429492879938
2003.11.16.00.08.46,0.1509213219202517,0.16137907155615974,1.0692927248638466
2003.11.16.00.18.46,0.1534347982195939,0.16040757445147735,1.0454445556861496
2003.11.16.00.28.46,0.15365654870827178,0.16282946243813073,1.0596975124521013
2003.11.16.00.38.46,0.15334531631307247,0.15882133086181702,1.035710347602431
2003.11.16.00.48.46,0.1523933757313515,0.15965646943491477,1.0476601667802614
2003.11.16.00.58.46,0.1522224804190297,0.15954925048422547,1.0481319844810506
2003.11.16.01.08.46,0.15207970370597412,0.15908689799377335,1.0460758018134142
2003.11.16.01.18.46,0.15231638600397693,0.1600151064035635,1.0505442690807119
2003.11.16.01.28.46,0.15208340302153084,0.15991108567658974,1.0514696705856241
2003.11.16.01.38.46,0.15177604447270737,0.16016112294416013,1.0552463895114923
2003.11.16.01.48.46,0.15296567843570946,0.16007693295066167,1.0464892163240462
2003.11.16.01.58.46,0.15311851787938036,0.15970234764633237,1.0429982595060021
2003.11.16.02.08.46,0.15323828223579813,0.16023836279167436,1.0456810168695623
2003.11.16.02.18.46,0.15225834160363966,0.1612642122188867,1.0591486188565695
2003.11.16.02.28.46,0.1549408907895907,0.16095423380843193,1.0388105618097119
2003.11.16.02.38.46,0.1531673482576023,0.16125764002007392,1.0528199505606448
2003.11.16.02.48.46,0.15361225997951994,0.1590652593694841,1.0354984647103764
2003.11.16.02.58.46,0.15302034720963173,0.16224657492292016,1.0602941235040388
2003.11.16.03.08.46,0.15299897189324713,0.1600874297259157,1.0463301010781592
2003.11.16.03.18.46,0.1541420991123126,0.16018690453581289,1.0392157980091854
2003.11.16.03.28.46,0.1534466729691866,0.16213992678971767,1.0566532571369387
2003.11.16.03.38.46,0.15254558008643268,0.16391538374217274,1.0745338124467316
2003.11.16.03.48.46,0.15465534624786456,0.16336066116184267,1.0562884835550799
2003.11.16.03.58.46,0.15455077938400416,0.15897925636723215,1.0286538638037197
2003.11.16.04.08.46,0.154100274432196,0.16319314773236307,1.0590062109471967
2003.11.16.04.18.46,0.15168923792525213,0.16036092759649834,1.057167468106863
2003.11.16.04.28.46,0.15416420625500063,0.15969681708998423,1.0358877781644864
2003.11.16.04.38.46,0.15189338944737688,0.15993676637434323,1.0529540946859506
2003.11.16.04.48.46,0.15293802248199473,0.16240593897290787,1.0619068844834043
2003.11.16.04.58.46,0.15301270675252554,0.15893094495305776,1.0386780831875881
2003.11.16.05.08.46,0.15406958845254795,0.16218839233858567,1.0526956939885528
2003.11.16.05.18.46,0.15332642714717756,0.16089403766896357,1.0493562046842837
2003.11.16.05.28.46,0.15314482923266828,0.16362920849009124,1.0684605501207902
2003.11.16.05.38.46,0.15253685677822673,0.15897701011811033,1.042220309739612
2003.11.16.05.48.46,0.15156994231083343,0.15938312035072716,1.0515483341932716
2003.11.16.05.58.46,0.1541748691687563,0.16277444972837413,1.0557780953924787
2003.11.16.06.08.46,0.1528321891073466,0.15905121613954654,1.0406918664747502
2003.11.16.06.18.46,0.15306275408946857,0.16297130885455152,1.0647352442076874
2003.11.16.06.28.46,0.15383283655176647,0.1623801333748798,1.0555622389517407
2003.11.16.06.38.46,0.15314010591943453,0.16277754603196196,1.062932176092379
2003.11.16.06.48.46,0.15208453026426824,0.16083675730379546,1.0575484372034354
2003.11.16.06.58.46,0.15363875056061907,0.1617194779572988,1.0525956333750022
2003.11.16.07.08.46,0.1532409189741659,0.1608008014715917,1.0493333148093447
2003.11.16.07.18.46,0.15315558670918397,0.1593345806589078,1.0403445547269305
2003.11.16.07.28.46,0.1535450445728895,0.16085965107431385,1.0476381801950765
2003.11.16.07.38.46,0.15136552841832704,0.16125977047676446,1.0653665478648007
2003.11.16.07.48.46,0.15287791480765786,0.16224350098935011,1.0612618650213506
2003.11.16.07.58.46,0.15277688938346498,0.16102184637422845,1.0539673050291585
2003.11.16.08.08.46,0.1531008322764772,0.1617134200510563,1.056254349806708
2003.11.16.08.18.46,0.15390136397701085,0.16094148917992876,1.045744397716771
2003.11.16.08.28.46,0.15264993509840374,0.163582366037772,1.0716176586142718
2003.11.16.08.38.46,0.15266351633166975,0.1628626632175481,1.0668080175994386
2003.11.16.08.48.46,0.1516468742272343,0.16191550862593043,1.0677141184150565
2003.11.16.08.58.46,0.15341608716422553,0.1603943778482042,1.0454860426501995
2003.11.16.09.08.46,0.1529454246771949,0.16216076595055867,1.0602524808624616
2003.11.16.09.18.46,0.1540097366227518,0.1636482005550989,1.0625834713032243
2003.11.16.09.28.46,0.15348748422102695,0.16256045540092537,1.0591121238708496
2003.11.16.09.38.46,0.15306356500369586,0.16072907878656595,1.0500805909145328
2003.11.16.09.48.46,0.15334745735023209,0.16004618657105674,1.043683340673366
2003.11.16.09.58.46,0.1539654957350936,0.1613870423590638,1.0482026611776665
2003.11.16.10.08.46,0.15247465017278283,0.16328176898840963,1.0708781348465484
2003.11.16.10.18.46,0.15287485595097464,0.16022431343349353,1.0480749920371195
2003.11.16.10.28.46,0.15265166414555148,0.16303884233926627,1.0680449718766953
2003.11.16.10.38.46,0.15085121870752943,0.16043673107407286,1.0635428235096187
2003.11.16.10.48.46,0.1536652497618606,0.1603279194277992,1.0433583368800943
2003.11.16.10.58.46,0.15376337117924493,0.15973558259716666,1.0388402736758406
2003.11.16.11.08.46,0.15318397222197602,0.16197029545977906,1.0573579801486734
2003.11.16.11.18.46,0.1529032458383099,0.1631675323203597,1.0671292909825076
2003.11.16.11.28.46,0.15403439874292285,0.16134981936458553,1.0474921230670808
2003.11.16.11.38.46,0.15269217703515256,0.1612477361759693,1.0560314176334462
2003.11.16.11.48.46,0.15177857583988713,0.15931439212170814,1.0496500658285963
2003.11.16.11.58.46,0.1536076381373681,0.16059254399114198,1.0454723862593827
2003.11.16.12.08.46,0.1540530030034306,0.1611825856838585,1.0462800629746185
2003.11.16.12.18.46,0.15316977263170065,0.15926859760053336,1.0398174186985145
2003.11.16.12.28.46,0.1526287320067371,0.1627701030451001,1.0664447047749526
2003.11.16.12.38.46,0.15223628549427287,0.16194704538154592,1.0637874200342228
2003.11.16.12.48.46,0.15283176290910946,0.15987775481402972,1.0461029289383423
2003.11.16.12.58.46,0.15314819020825057,0.16276235687176913,1.062776887212609
2003.11.16.13.08.46,0.152715473095087,0.16143859913001754,1.0571201192527435
2003.11.16.13.18.46,0.1537339273230091,0.16076334433215606,1.0457245653679133
2003.11.16.13.28.46,0.15323791627523195,0.1643171085377391,1.0723005932983825
2003.11.16.13.38.46,0.1531445108743291,0.16223663062454868,1.0593695438270108
2003.11.16.13.48.46,0.15199882876296283,0.16177655549012657,1.0643276451979231
2003.11.16.13.58.46,0.1536560820557858,0.16154599679976986,1.0513478844340154
2003.11.16.14.08.46,0.152253534666225,0.1620023856281714,1.0640303752771203
2003.11.16.14.18.46,0.1522011882640355,0.15961368921604516,1.0487019913349862
2003.11.16.14.28.46,0.15339761908522448,0.1627014477009482,1.060651714617257
2003.11.16.14.38.46,0.1525930412255708,0.16156748722960168,1.058812944102506
2003.11.16.14.48.46,0.15265581003646939,0.1622793572667882,1.0630408186103086
2003.11.16.14.58.46,0.1528415603758513,0.16225171943305988,1.0615680645635135
2003.11.16.15.08.46,0.154999657415196,0.16136857589120707,1.0410898874373038
2003.11.16.15.18.46,0.15259066656724946,0.1614965921237291,1.0583648119300577
2003.11.16.15.28.46,0.1545555167688034,0.16195805859586188,1.0478956816412563
2003.11.16.15.38.46,0.15315310073787275,0.16223129586912322,1.0592752943787154
2003.11.16.15.48.46,0.1539184002183665,0.15978821402044568,1.0381358810496444
2003.11.16.15.58.46,0.15212701152891536,0.1603917809261805,1.0543280862103455
2003.11.16.16.08.46,0.15226415613067806,0.16129935094486392,1.0593389478114046
2003.11.16.16.18.46,0.1528504967778462,0.1601664123300259,1.04786321082628
2003.11.16.16.28.46,0.15340234099470662,0.16005814083409073,1.04338786355036
2003.11.16.16.38.46,0.15170390101768766,0.1610108817836061,1.0613496469338208
2003.11.16.16.48.46,0.15190693562126698,0.1599061327437522,1.0526585378723508
2003.11.16.16.58.46,0.1529291786789109,0.15897341255202865,1.0395230911807105
2003.11.16.17.08.46,0.1512667194400548,0.16240237016122755,1.0736159993579135
2003.11.16.17.18.46,0.1516153200485937,0.16140734828401748,1.0645846886204202
2003.11.16.17.28.46,0.15271668519680487,0.16283290044335905,1.0662417157203057
2003.11.16.17.38.46,0.15315263956543282,0.1637283941793447,1.0690536881631316
2003.11.16.17.48.46,0.15365564193620787,0.15845368445444083,1.0312259443114034
2003.11.16.17.58.46,0.15261884345307145,0.16048384072786154,1.0515335924243752
2003.11.16.18.08.46,0.15301611418792427,0.15671258727289786,1.0241574105092868
2003.11.16.18.18.46,0.15271287220758642,0.1596342906091334,1.0453230844361208
2003.11.16.18.28.46,0.15449182478623666,0.15838918164233354,1.0252269455777967
2003.11.16.18.38.46,0.15353450233808402,0.15951746573651424,1.0389682013314225
2003.11.16.18.48.46,0.15332588624422858,0.1582611390543036,1.0321879946756922
2003.11.16.18.58.46,0.15413014314335347,0.15931345334282232,1.0336294386922613
2003.11.16.19.08.46,0.15350082848539653,0.15936720569176083,1.038217234813963
2003.11.16.19.18.46,0.15537048920569063,0.16031497698500638,1.0318238540960625
2003.11.16.19.28.46,0.15352256027591474,0.1595152905827134,1.0390348512689496
2003.11.16.19.38.46,0.15228891785666193,0.15884669161032872,1.0430613983339163
2003.11.16.19.48.46,0.15229517142142507,0.15761348543514805,1.0349210941101104
2003.11.16.19.58.46,0.15354356790857035,0.15816308304988164,1.0300860218648953
2003.11.16.20.08.46,0.1538309555668982,0.15783952383101998,1.0260582679822108
2003.11.16.20.18.46,0.15056259761568028,0.15988234596346543,1.0618994922734686
2003.11.16.20.28.46,0.15187062381169417,0.158716186728662,1.0450749641053407
2003.11.17.10.18.56,0.15169659499670304,0.16112508030690395,1.0621535724675022
2003.11.17.10.22.30,0.15473428238283607,0.1586025574832713,1.0249994703233543
2003.11.17.10.32.30,0.1554198112359212,0.16051119463612382,1.032758908659811
2003.11.17.10.42.30,0.15543826585557208,0.15974282523745392,1.027693048157662
2003.11.17.10.52.30,0.15283592611850133,0.159945030077475,1.0465146130201195
2003.11.17.11.02.30,0.15295209370502255,0.16090158261219611,1.0519737174863695
2003.11.17.11.12.30,0.15324266811835158,0.1609065202282155,1.05001121557049
2003.11.17.11.22.30,0.15252146189271404,0.16012163101451973,1.049830161785046
2003.11.17.11.32.30,0.1519995770900264,0.1602065652671185,1.0539934934965725
2003.11.17.11.42.30,0.15422775841217348,0.1616089864517228,1.047859270701601
2003.11.17.11.52.30,0.15183919202358462,0.16029490156817214,1.0556885836383674
2003.11.17.12.02.30,0.15364617413450904,0.15978872861678556,1.0399785710049574
2003.11.17.12.12.30,0.15220000750708343,0.1607638623372608,1.0562671117462252
2003.11.17.12.22.30,0.15397560318749567,0.16142728837960996,1.0483952329970119
2003.11.17.12.32.30,0.15195428951995935,0.16088003479519492,1.0587396729860867
2003.11.17.12.42.30,0.15315768895340148,0.15926876867053416,1.0399005741004095
2003.11.17.12.52.30,0.1532424616442233,0.16075760197202768,1.0490408483860822
2003.11.17.13.02.30,0.15364279735701086,0.16165124829155741,1.0521238292475097
2003.11.17.13.12.30,0.15467601077913432,0.16273498259608127,1.0521022734964025
2003.11.17.13.22.30,0.15519039371295262,0.16322847981003116,1.0517949977750953
2003.11.17.13.32.30,0.1544805171398039,0.1598898928388885,1.0350165561278457
2003.11.17.13.42.30,0.15102875314768294,0.1583636249121385,1.0485660618364716
2003.11.17.13.52.30,0.15385505287419673,0.16058035949476746,1.043711964572719
2003.11.17.14.02.30,0.151444706319718,0.15848184490980544,1.0464667188513754
2003.11.17.14.12.30,0.15455877108952157,0.1608783799178746,1.04088806338071
2003.11.17.14.22.30,0.15538407241714802,0.16083727127762162,1.0350949667854876
2003.11.17.14.32.30,0.15390555948449158,0.16048636374850903,1.0427587170084038
2003.11.17.14.42.30,0.15488913956969552,0.16022315005173254,1.034437601608839
2003.11.17.14.52.30,0.1525367786720837,0.1605577633169076,1.0525839388680616
2003.11.17.15.02.30,0.15247816297931607,0.1598322180896365,1.0482302184563832
2003.11.17.15.12.30,0.1527212072328918,0.1606118212614073,1.0516667866335208
2003.11.17.15.22.30,0.1524389036169491,0.1628454639134523,1.0682670896312203
2003.11.17.15.32.30,0.15289194940662956,0.1621122481673096,1.0603059794610759
2003.11.17.15.42.30,0.15486086623361306,0.16196776043374148,1.045892124801933
2003.11.17.15.52.30,0.1553465028170895,0.16556093292128315,1.0657525590789803
2003.11.17.16.02.30,0.15296214410532064,0.1604704025596504,1.0490857296636742
2003.11.17.16.12.30,0.15447638624155474,0.162100841191043,1.0493567666553638
2003.11.17.16.22.30,0.1541261631583745,0.16338718333972066,1.0600872687126448
2003.11.17.16.32.30,0.15171528108160984,0.16004250732349398,1.05488719516266
2003.11.17.16.42.30,0.15456057055634573,0.16309871899764228,1.0552414397188314
2003.11.17.16.52.30,0.15350378405352097,0.1588409020930515,1.0347686415187634
2003.11.17.17.02.30,0.1541048040295954,0.1605390557706578,1.0417524410194683
2003.11.17.17.12.30,0.15431833885520946,0.15993085893182676,1.0363697543548813
2003.11.17.17.22.30,0.153411759869986,0.16127802611944497,1.0512755101442386
2003.11.17.17.32.30,0.15310264824109837,0.15980079029255456,1.0437493546219285
2003.11.17.17.42.30,0.15261717770188094,0.15975050371595076,1.0467399942882176
2003.11.17.17.52.30,0.15222676967043897,0.15806775998933772,1.0383703229829033
2003.11.17.18.02.30,0.15201386992768331,0.16052663056668745,1.0559998942402682
2003.11.17.18.12.30,0.15398077875049657,0.15956169258388547,1.0362442239783185
2003.11.17.18.22.30,0.15392455411458889,0.15968777947627208,1.0374418844013202
2003.11.17.18.32.30,0.15282698087701782,0.1593076758844442,1.0424054376408933
2003.11.17.18.42.30,0.1541150265426769,0.16045931340924285,1.041165920085081
2003.11.17.18.52.30,0.15339411969508887,0.15995826512572348,1.0427926796912592
2003.11.17.19.02.30,0.1528618362011816,0.15911681661007737,1.0409191761942698
2003.11.17.19.12.30,0.15351813181795498,0.16193493867981168,1.054826141786545
2003.11.17.19.22.30,0.15295348605535075,0.15897744164857164,1.0393842320863542
2003.11.17.19.32.30,0.15396142031467655,0.15930791357658602,1.0347261882293757
2003.11.17.19.42.30,0.1545093036109598,0.16219278757638045,1.049728293286254
2003.11.17.19.52.30,0.15320256756655345,0.1577525396611137,1.0296990590094626
2003.11.17.20.02.30,0.15252085154578046,0.16024508481395383,1.0506437853571442
2003.11.17.20.12.30,0.15415223980568488,0.16203325547215996,1.0511248858687323
2003.11.17.20.22.30,0.15267725402457427,0.15871096084327913,1.0395193564179095
2003.11.17.20.32.30,0.15210986357137768,0.1602634391303113,1.0536032007885376
2003.11.17.20.42.30,0.1530788225971652,0.1597549027575621,1.0436120427837712
2003.11.17.20.52.30,0.15268774048282333,0.15981917959373845,1.0467060360469307
2003.11.17.21.02.30,0.15276851472668337,0.15832646673364303,1.036381528071431
2003.11.17.21.12.30,0.15328875491311325,0.16047038506348105,1.0468503391161241
2003.11.17.21.22.30,0.1529005373319736,0.1615134605821408,1.056330235331136
2003.11.17.21.32.30,0.15290956001807696,0.15948728458818434,1.0430170917327195
2003.11.17.21.42.30,0.15422865469713304,0.16302489445154533,1.0570337579076077
2003.11.17.21.52.30,0.15313684233543784,0.16002671926558468,1.0449916350962425
2003.11.17.22.02.30,0.15293366473915046,0.15977228439666288,1.0447162478527972
2003.11.17.22.12.30,0.15445226921867114,0.16100837547362637,1.0424474582867618
2003.11.17.22.22.30,0.15265386688902405,0.15984553945723665,1.0471109754032026
2003.11.17.22.32.30,0.1526718785180636,0.1589686639964383,1.0412439117111518
2003.11.17.22.42.30,0.15304944612439594,0.16079591041033198,1.050614128192531
2003.11.17.22.52.30,0.15298729570289285,0.15914432371744955,1.0402453549248551
2003.11.17.23.02.30,0.15312424696881166,0.1582473671162296,1.033457275701486
2003.11.17.23.12.30,0.1547303288247108,0.1603518981802211,1.0363313992687162
2003.11.17.23.22.30,0.15459022383283977,0.1607100981411288,1.0395877187868394
2003.11.17.23.32.30,0.15350148010534378,0.15972749346298762,1.0405599565122832
2003.11.17.23.42.30,0.15484252017675085,0.16000611407995868,1.0333473899631294
2003.11.17.23.52.30,0.15473968453730003,0.1602148057589404,1.0353827865037466
2003.11.18.00.02.30,0.1543672364887442,0.16293352537586073,1.0554929211791721
2003.11.18.00.12.30,0.15285836335656244,0.16138327734629523,1.0557700200534483
2003.11.18.00.22.30,0.15304801349117128,0.16138134579167213,1.0544491373027953
2003.11.18.00.32.30,0.15322547723861069,0.15835443751552836,1.033473286357794
2003.11.18.00.42.30,0.15359989401495774,0.15995402125615857,1.041368044437466
2003.11.18.00.52.30,0.15324473889827345,0.15942917155334999,1.0403565740627603
2003.11.18.01.02.30,0.15276054667073113,0.16037303894699306,1.0498328425903733
2003.11.18.01.12.30,0.1546584844946176,0.16183192658105972,1.0463824672140232
2003.11.18.01.22.30,0.15075832500593042,0.1584222830771941,1.0508360521447968
2003.11.18.01.32.30,0.15269055253677083,0.1605641345649574,1.051565613571871
2003.11.18.01.42.30,0.15397473460436417,0.1621402824451908,1.0530317383680374
2003.11.18.01.52.30,0.15333354580629527,0.16070448422492759,1.048071270900785
2003.11.18.02.02.30,0.15326300955434827,0.1586672260520328,1.0352610621010163
2003.11.18.02.12.30,0.15499965836025856,0.1610032843402872,1.0387331562117041
2003.11.18.02.22.30,0.1541193865246497,0.1595409630674341,1.0351777713695822
2003.11.18.02.32.30,0.15309953566966042,0.15988445153233904,1.0443170244312059
2003.11.18.02.42.30,0.15526011676352003,0.16007235302551467,1.03099467115128
2003.11.18.02.52.30,0.15263945867862322,0.15879595899076548,1.040333609444361
2003.11.18.03.02.30,0.1527457743508188,0.1618280224123456,1.059459897336781
2003.11.18.03.12.30,0.15593539327234213,0.16194252512948074,1.0385232097157515
2003.11.18.03.22.30,0.15306455200365016,0.1599351145594382,1.0448866995385333
2003.11.18.03.32.30,0.15300804525926898,0.1581861930753993,1.0338423238291559
2003.11.18.03.42.30,0.15477073518191353,0.16045050970456007,1.0366979876135543
2003.11.18.03.52.30,0.15390789545440198,0.16023484016875433,1.0411086429040726
2003.11.18.04.02.30,0.15374159085235362,0.15934093569783783,1.0364204950296212
2003.11.18.04.12.30,0.15429505441963906,0.16163064659268286,1.0475426266942625
2003.11.18.04.22.30,0.152519086600149,0.16221865142190225,1.0635957442308979
2003.11.18.04.32.30,0.1530273532725747,0.15883321161308842,1.037940003642174
2003.11.18.04.42.30,0.15423549791912164,0.15985880794176624,1.036459246402494
2003.11.18.04.52.30,0.1524684190212128,0.15818744490195605,1.0375095768517646
2003.11.18.05.02.30,0.1536260784263409,0.1586937172620186,1.0329868397838944
2003.11.18.05.12.30,0.1543712583364877,0.16120122566609102,1.0442437757080132
2003.11.18.05.22.30,0.15234219406256716,0.1607848113672627,1.0554187719078547
2003.11.18.05.32.30,0.15313635927254507,0.1585759706782919,1.0355213577728177
2003.11.18.05.42.30,0.1535574702829123,0.16158794921661468,1.052296243998466
2003.11.18.05.52.30,0.15330151815539858,0.1580217196058425,1.0307903111935208
2003.11.18.06.02.30,0.1557137234538915,0.15975281366726965,1.0259392051245513
2003.11.18.06.12.30,0.1529760140959094,0.160114127387506,1.0466616504148245
2003.11.18.06.22.30,0.15320418440480216,0.1608225656039036,1.0497269785985208
2003.11.18.06.32.30,0.1525392226711707,0.1594476361745154,1.0452894238109316
2003.11.18.06.42.30,0.15296680380529054,0.1603169235196237,1.0480504235656845
2003.11.18.06.52.30,0.15271019437744449,0.15972116037728257,1.0459102683250439
2003.11.18.07.02.30,0.1526219127195944,0.158744758925541,1.0401177399551782
2003.11.18.07.12.30,0.15420917998422223,0.16138375221352247,1.046524935999493
2003.11.18.07.22.30,0.15561028529204576,0.16052995166279524,1.0316153033298303
2003.11.18.07.32.30,0.15437382622276438,0.16123890238580182,1.0444704671187655
2003.11.18.07.42.30,0.15350560733854318,0.16172582306392236,1.0535499378029247
2003.11.18.07.52.30,0.15307541145395256,0.15781831966373353,1.0309841284418673
2003.11.18.08.02.30,0.15440923124398806,0.15864512622270735,1.0274329128161126
2003.11.18.08.12.30,0.15335969864331617,0.16029573377237774,1.0452272349934215
2003.11.18.08.22.30,0.15154733767585832,0.16132882536167592,1.064544107708042
2003.11.18.08.32.30,0.1546340805804242,0.15836866693878796,1.0241511207900993
2003.11.18.08.42.30,0.15463081916091306,0.1614277709817633,1.0439559969851622
2003.11.18.08.52.30,0.1529909799347865,0.15930945665124727,1.0412996682494227
2003.11.18.09.02.30,0.1539084127386114,0.16144420339717022,1.0489628248675213
2003.11.18.09.12.30,0.15464950227752916,0.162463349683042,1.050526172347392
2003.11.18.09.22.30,0.15252728687742237,0.1581985456127343,1.0371819288955793
2003.11.18.09.32.30,0.15437096275085221,0.15957337791578244,1.033700736668506
2003.11.18.09.42.30,0.1529901142192793,0.1600122500498497,1.0458992783056926
2003.11.18.09.52.30,0.15288263232812982,0.16049175239834174,1.049770990689646
2003.11.18.10.02.30,0.15283729716367295,0.16183710584450342,1.0588848981750352
2003.11.18.10.12.30,0.15404126153049466,0.1608426190277413,1.044152829116504
2003.11.18.10.22.30,0.15336824620928707,0.15967593188284904,1.0411277160003152
2003.11.18.10.32.30,0.1529478548037288,0.1594621673391529,1.0425917221512104
2003.11.18.10.42.30,0.1557225099260099,0.16260432303337025,1.0441927959588513
2003.11.18.10.52.30,0.15251818811236292,0.16144911050607597,1.0585564417217799
2003.11.18.11.02.30,0.15355497905244517,0.16116251230076353,1.0495427324809838
2003.11.18.11.12.30,0.15363365326015815,0.16000252775102883,1.0414549439899463
2003.11.18.11.22.30,0.15274833392094658,0.15838360954795005,1.03689255052641
2003.11.18.11.32.30,0.15303025289393352,0.16087617703046497,1.0512704121450387
2003.11.18.11.42.30,0.15368696306839918,0.15922643105859105,1.0360438379391133
2003.11.18.11.52.30,0.15367036539675394,0.15970991831383705,1.0393020014072973
2003.11.18.12.02.30,0.15317682190700802,0.16107455450621305,1.0515595799735267
2003.11.18.12.12.30,0.15313131938490734,0.15973952736114658,1.0431538629901633
2003.11.18.12.22.30,0.15283037567993069,0.1587135045094521,1.0384944995610186
2003.11.18.12.32.30,0.15290608937504338,0.16157833291012635,1.0567161423755465
2003.11.18.12.42.30,0.15639333082258097,0.1619439900342187,1.035491661840329
2003.11.18.12.52.30,0.15427324771630854,0.16115306406827562,1.0445950056397224
2003.11.18.13.02.30,0.153134352074106,0.15897895675656654,1.0381665158946973
2003.11.18.13.12.30,0.15443875802553175,0.16035614659251451,1.0383154374111485
2003.11.18.13.22.30,0.15557687948306298,0.1602397107229607,1.0299712351564767
2003.11.18.13.32.30,0.15153203785369532,0.1613018743776227,1.06447373547078
2003.11.18.13.42.30,0.15317959406235993,0.1605032687130643,1.0478110331570856
2003.11.18.13.52.30,0.15414310248895952,0.1616542360750736,1.0487283145650457
2003.11.18.14.02.30,0.1530029082776084,0.16235786031075766,1.0611423151262958
2003.11.18.14.12.30,0.15509858807057006,0.16378840347619625,1.0560276886703335
2003.11.18.14.22.30,0.15404106262490327,0.15992748188754372,1.0382133124917097
2003.11.18.14.32.30,0.15360110946890365,0.1641939962611396,1.068963608588911
2003.11.18.14.42.30,0.15399317928914297,0.1615621290191582,1.0491512011438084
2003.11.18.14.52.30,0.1541110026021727,0.1630331380473384,1.0578942145240442
2003.11.18.15.02.30,0.1537119104559423,0.1595624345133042,1.038061618257219
2003.11.18.15.12.30,0.1548054386257957,0.1624775559921181,1.0495597405002537
2003.11.18.15.22.30,0.15564644148227016,0.15981498167925504,1.026782110514616
2003.11.18.15.32.30,0.15307532501011756,0.16218655768030685,1.0595212368132296
2003.11.18.15.42.30,0.15593738508262298,0.1634036609029442,1.0478799603851587
2003.11.18.15.52.30,0.1541329284064266,0.15993687994457767,1.037655493852987
2003.11.18.16.02.30,0.1538131687117219,0.16200960710084064,1.053288274715155
2003.11.18.16.12.30,0.1553284270945659,0.16132468958206614,1.0386037675115942
2003.11.18.16.22.30,0.15514116413946002,0.15964346338134433,1.0290206617106281
2003.11.18.16.32.30,0.1540686571728555,0.16065420879854814,1.0427442657483803
2003.11.18.16.42.30,0.15530735403949808,0.1615249968561368,1.0400344391615701
2003.11.18.16.52.30,0.15368962308542702,0.15918173392089463,1.035735079084779
2003.11.18.17.02.30,0.1526017632418815,0.16126593534995812,1.0567763564719987
2003.11.18.17.12.30,0.15401847035009916,0.16012328608933454,1.0396369066992974
2003.11.18.17.22.30,0.1534575499247471,0.1584575220028916,1.0325821185115778
2003.11.18.17.32.30,0.152893822143373,0.1582868793729936,1.035273218721443
2003.11.18.17.42.30,0.15409481674874118,0.1596630521892119,1.0361351248403765
2003.11.18.17.52.30,0.15261640024912132,0.15966636479507826,1.0461940167272261
2003.11.18.18.02.30,0.1524922783969835,0.15980170054193338,1.0479330640330602
2003.11.18.18.12.30,0.1550094745718185,0.159592791753536,1.029567980888768
2003.11.18.18.22.30,0.15327287088463748,0.1581368185121372,1.0317339108964731
2003.11.18.18.32.30,0.15423565652643562,0.1600405545527836,1.037636550179647
2003.11.18.18.42.30,0.153789138025445,0.16078055773053104,1.0454610760867213
2003.11.18.18.52.30,0.15389812351641913,0.16035845177801084,1.0419779534277587
2003.11.18.19.02.30,0.1532879394564768,0.1584341563071727,1.0335722227654907
2003.11.18.19.12.30,0.15372475720118245,0.15903840052577514,1.0345659568526013
2003.11.19.09.06.09,0.15222439138334978,0.15953282412298808,1.0480109177853982
2003.11.19.09.12.30,0.1525529710768525,0.16124461337296472,1.0569745855145198
2003.11.19.09.22.30,0.15316097998842795,0.16081118040169812,1.0499487559680551
2003.11.19.11.04.17,0.15282810982389253,0.16194703286901593,1.0596678389573184
2003.11.19.11.06.07,0.1512037353377162,0.1600942762715828,1.058798421308901
2003.11.19.11.16.07,0.1535726815089825,0.15928264557584615,1.0371808580195279
2003.11.19.11.26.07,0.1530187700713237,0.15845360803224867,1.035517459448875
2003.11.19.11.36.07,0.1539018801727358,0.16001059367395218,1.039692260382785
2003.11.19.11.46.07,0.15172803267174298,0.1600275174701409,1.054699745671609
2003.11.19.11.56.07,0.1525882008321847,0.16017893421669677,1.0497465291753476
2003.11.19.12.06.07,0.15576980697064458,0.16138940921339914,1.036076325393493
2003.11.19.12.16.07,0.1528170583420336,0.15951290510341554,1.0438160951010806
2003.11.19.12.26.07,0.15386910481320032,0.162004219810251,1.0528703602125122
2003.11.19.12.36.07,0.1530348891427111,0.15877994427233244,1.0375408193635103
2003.11.19.12.46.07,0.15163101302612247,0.1598135429363212,1.0539634323275877
2003.11.19.12.56.07,0.15403814367562096,0.16050050638184332,1.0419530030161297
2003.11.19.13.06.07,0.153243800534781,0.16123026647662964,1.052116078523098
2003.11.19.13.16.07,0.15325296884868986,0.15954612565317122,1.041063849214528
2003.11.19.13.26.07,0.15338627040650918,0.16047524086190834,1.0462164601604287
2003.11.19.13.36.07,0.15420155742566286,0.1607817986202982,1.042672987902911
2003.11.19.13.46.07,0.1533050851116614,0.15906223124363347,1.0375535236015085
2003.11.19.13.56.07,0.15291641134103912,0.1590606730310108,1.0401805250076694
2003.11.19.14.06.07,0.15399865294028348,0.16047023018426385,1.0420235964433395
2003.11.19.14.16.07,0.15184623280795856,0.1592341289187089,1.0486537991370117
2003.11.19.14.26.07,0.1516736871479258,0.15807695369982186,1.0422173857067971
2003.11.19.14.36.07,0.15338508794885547,0.1592588999610285,1.0382945440832656
2003.11.19.14.46.07,0.15299737251369303,0.16112873513780643,1.0531470736426252
2003.11.19.14.56.07,0.1527442279430613,0.16158537600981834,1.0578820436347536
2003.11.19.15.06.07,0.15463464074760425,0.1598158252428303,1.0335059755703953
2003.11.19.15.16.07,0.15365486671891085,0.1601689031587046,1.0423939480661568
2003.11.19.15.26.07,0.1549655105907642,0.16190880559168178,1.044805421376977
2003.11.19.15.36.07,0.1559467560504426,0.16436912403352058,1.054007971671778
2003.11.19.15.46.07,0.15286667910971066,0.15969747476796753,1.0446846605031204
2003.11.19.15.56.07,0.15379813524958616,0.1622299547035781,1.0548239381466402
2003.11.19.16.06.07,0.1550537942185308,0.16315590598627783,1.0522535537332807
2003.11.19.16.16.07,0.15121838447982275,0.1577284845977911,1.043050983121943
2003.11.19.16.26.07,0.15158178839893252,0.15892223524563437,1.0484256514204944
2003.11.19.16.36.07,0.15350071953719793,0.15916817600246955,1.0369213674200284
2003.11.19.16.46.07,0.1525315470699832,0.1599060878565721,1.048347643017122
2003.11.19.16.56.07,0.1540949347830137,0.16238798708528096,1.0538178124670028
2003.11.19.17.06.07,0.15375870576851697,0.15958314364721646,1.037880377892021
2003.11.19.17.16.07,0.15412227082817842,0.1603627377728867,1.0404903646382515
2003.11.19.17.26.07,0.15284183543832575,0.16115028999910883,1.0543598193318982
2003.11.19.17.36.07,0.15402747177223572,0.15919161523562766,1.0335274182194478
2003.11.19.17.46.07,0.15358654659481696,0.16217308793144056,1.0559068585562776
2003.11.19.17.56.07,0.15327746714241383,0.16079910751778326,1.0490720555055941
2003.11.19.18.06.07,0.15355546684011082,0.16027639731150764,1.0437687476043753
2003.11.19.18.16.07,0.15280582775566431,0.15947830720430287,1.0436663937929633
2003.11.19.18.26.07,0.15251090845334844,0.15927326838938635,1.0443401721530394
2003.11.19.18.36.07,0.15290376668098918,0.1608381072026018,1.0518910730182758
2003.11.19.18.46.07,0.15310374087118186,0.16137975550942332,1.054054947260921
2003.11.19.18.56.07,0.15380918893734047,0.1618508320822081,1.0522832426360669
2003.11.19.19.06.07,0.15303828826728705,0.1612889466653132,1.0539123803032617
2003.11.19.19.16.07,0.15313497799123166,0.15936889387812636,1.0407086347526144
2003.11.19.19.26.07,0.15249594304926403,0.15956980802398835,1.046387233871783
2003.11.19.19.36.07,0.15330849687751735,0.1611524273288627,1.0511643556039303
2003.11.19.19.46.07,0.15275759494211735,0.15983255902296042,1.0463149742801587
2003.11.19.19.56.07,0.15365728419547225,0.1615134164439792,1.0511276265856224
2003.11.19.20.06.07,0.1533936398297999,0.1605266958121277,1.0465016410735308
2003.11.19.20.16.07,0.15228189705895775,0.15985934369196253,1.0497593396152076
2003.11.19.20.26.07,0.15206545269816177,0.16107288737968325,1.059233931979281
2003.11.19.20.36.07,0.15186707026623644,0.16016636736336065,1.0546484309111568
2003.11.19.20.46.07,0.15194363578982586,0.15872443876397074,1.0446270943754719
2003.11.19.20.56.07,0.15177195337109595,0.1606850062707606,1.0587266138551399
2003.11.19.21.06.07,0.1532730094624866,0.16016169838293504,1.0449439137693348
2003.11.19.21.16.07,0.1520962813766127,0.1597666170507097,1.0504307903169843
2003.11.19.21.26.07,0.1514997331371412,0.16025393926149872,1.057783640558845
2003.11.19.21.36.07,0.15291731116107937,0.1582413816398266,1.0348166629292805
2003.11.19.21.46.07,0.1508740428524424,0.16121128229457918,1.0685156919420975
2003.11.19.21.56.07,0.15151470090339006,0.158461601655476,1.0458496813224445
2003.11.19.22.06.07,0.15230253176372555,0.1620912272974601,1.064271390766637
2003.11.19.22.16.07,0.1513614446087989,0.15889942724413963,1.0498012070036924
2003.11.20.11.50.35,0.15370628681814508,0.1612601112684973,1.0491445379803455
2003.11.20.11.54.03,0.1537923218872918,0.15950873846433736,1.0371697137210458
2003.11.20.11.59.03,0.15488777281621927,0.16172548536698692,1.0441462384437594
2003.11.20.12.04.03,0.1563249148533472,0.16195102672905087,1.0359898604837348
2003.11.20.12.09.03,0.15579875920282749,0.16123615720015122,1.034900136722174
2003.11.20.12.14.03,0.15691385474998695,0.16224903186103684,1.0340006758456766
2003.11.20.12.19.03,0.15632167637249242,0.16402879951494034,1.0493029714195423
2003.11.20.12.24.03,0.1553271110456293,0.16076707693848188,1.0350226425781814
2003.11.20.12.29.03,0.1553852349492524,0.16105713514541975,1.0365021824500875
2003.11.20.12.34.03,0.15499021926046255,0.16290681963860698,1.0510780642541095
2003.11.20.12.39.03,0.15367814838491392,0.16033216162324154,1.0432983694055284
2003.11.20.12.44.03,0.15514688557465672,0.1596610501272442,1.029096069417489
2003.11.20.12.49.03,0.1554310370401955,0.16258413176673717,1.0460210191140384
2003.11.20.12.54.03,0.15388386401281853,0.16002167943945908,1.0398860235672875
2003.11.20.12.59.03,0.15548895471724833,0.16166142205504497,1.0396971434338926
2003.11.20.13.04.03,0.15576332739177168,0.16236716099847015,1.0423965879342618
2003.11.20.13.09.03,0.15357364282171354,0.1613373968279964,1.0505539483444821
2003.11.20.13.14.03,0.15519720852887867,0.16084406222647954,1.0363850210395384
2003.11.20.13.19.03,0.1546795413041003,0.1616882804931394,1.0453113522961637
2003.11.20.13.24.03,0.15410917127128376,0.16105334241040298,1.0450600770988194
2003.11.20.13.29.03,0.15502016281408768,0.16311594054105732,1.0522240306035464
2003.11.20.13.34.03,0.15559760175489531,0.16167679045030706,1.0390699382692798
2003.11.20.13.39.03,0.15531747681286748,0.1592357245306369,1.0252273459379608
2003.11.20.13.44.03,0.1564381122328711,0.16325505576374005,1.0435759766822126
2003.11.20.13.49.03,0.15537815953645961,0.16301752056671315,1.0491662473866603
2003.11.20.13.54.03,0.1565182645529648,0.16058577524468817,1.0259874507511355
2003.11.20.13.59.03,0.15414279759619406,0.15984678607820443,1.0370045734926456
2003.11.20.14.04.03,0.15475564408124182,0.16297475120781746,1.0531102253192193
2003.11.20.14.09.03,0.15489283231303225,0.16172632032401799,1.0441175224762855
2003.11.20.14.14.03,0.1548438223700638,0.16368988072199592,1.0571289071564687
2003.11.20.14.19.03,0.15552057663170932,0.16227482174828448,1.0434299130241138
2003.11.20.14.24.03,0.15483515175421247,0.16131291362911906,1.041836506771986
2003.11.20.14.29.03,0.15487993585758617,0.16102051621027985,1.0396473585729014
2003.11.20.14.34.03,0.156249436248983,0.16082964923862375,1.0293134688968875
2003.11.20.14.39.03,0.15532321407335778,0.161982963513914,1.0428767166600794
2003.11.20.14.44.03,0.15605690818976903,0.16321096438807162,1.0458426113991897
2003.11.20.14.49.03,0.15638683961099675,0.16059940731181496,1.026936842711936
2003.11.20.14.54.03,0.15540875805461585,0.16268306050055772,1.0468075450637437
2003.11.20.14.59.03,0.15436006222010196,0.1613817693801913,1.0454891444010763
2003.11.20.15.04.03,0.15486087963399803,0.1617976626610475,1.0447936434523943
2003.11.20.15.09.03,0.15406101751949006,0.16155591152547816,1.0486488673556886
2003.11.20.15.14.03,0.15449007872296566,0.16194316343579854,1.0482431284548561
2003.11.20.15.19.03,0.1541179795200032,0.15950464656363658,1.0349515809927565
2003.11.20.15.24.03,0.15440856606237072,0.1620016012230377,1.0491749606534129
2003.11.20.15.29.03,0.154128561837898,0.16135392363334397,1.046878798512667
2003.11.20.15.34.03,0.15426683552523124,0.16092176773833688,1.0431390985006443
2003.11.20.15.39.03,0.15427372690286573,0.1626886852266661,1.0545456345207673
2003.11.20.15.44.03,0.15641662131572887,0.16022087202368873,1.0243212689032641
2003.11.20.15.49.03,0.15541494342138362,0.1645921386917997,1.059049632347988
2003.11.20.15.54.03,0.1535160170160389,0.1606539598771806,1.0464964047392915
2003.11.20.15.59.03,0.15509072036382046,0.16259516414193798,1.0483874454932776
2003.11.20.16.04.03,0.15438036997239157,0.16069799791286488,1.0409224821886558
2003.11.20.16.09.03,0.15498267150490364,0.16247966098676783,1.0483730820295416
2003.11.20.16.14.03,0.15582380436830728,0.16136831823768683,1.035581943926067
2003.11.20.16.19.03,0.15393351757181167,0.16164975460563652,1.05012707534748
2003.11.20.16.24.03,0.1550414482762392,0.1605383904388215,1.0354546621158256
2003.11.20.16.29.03,0.1562213869113817,0.16158352921650926,1.0343239962923212
2003.11.20.16.34.03,0.15392129035012303,0.16079355228079928,1.0446478970845683
2003.11.20.16.39.03,0.15431274111463544,0.16477449004126632,1.0677957558855045
2003.11.20.16.44.03,0.15368984198474822,0.1615951511373214,1.0514367706445926
2003.11.20.16.49.03,0.15484697272125633,0.16196837075491005,1.0459899080266368
2003.11.20.16.54.03,0.1555030097302179,0.1606733799039705,1.033249325416419
2003.11.20.16.59.03,0.1548444858395735,0.16099627264221833,1.0397288077085185
2003.11.20.17.04.03,0.15431669967579054,0.16052851552566916,1.0402536852001711
2003.11.20.17.09.03,0.15511335336642726,0.16006569375840463,1.0319272344030779
2003.11.20.17.14.03,0.1563627068509304,0.16326336355381832,1.0441323691682232
2003.11.20.17.19.03,0.1552707118078374,0.15844423910100636,1.0204386729230461
2003.11.20.17.24.03,0.15685353905743968,0.16258965300311048,1.0365698726349442
2003.11.20.17.29.03,0.15349321449018927,0.1618184006081837,1.0542381377942056
2003.11.20.17.34.03,0.15408475688622641,0.15994836416549796,1.0380544279509825
2003.11.20.17.39.03,0.1540379802686155,0.16192238869574985,1.051184833853218
2003.11.20.17.44.03,0.15554577818548507,0.16411432113130964,1.0550869528300972
2003.11.20.17.49.03,0.15468888762003882,0.16049900578936618,1.0375600229513493
2003.11.20.17.54.03,0.1541971315268016,0.16095474634534312,1.0438245170427634
2003.11.20.17.59.03,0.15551648733183004,0.16238101638560423,1.044140201283785
2003.11.20.18.04.03,0.15466493869561632,0.16151829121940803,1.0443109639559567
2003.11.20.18.09.03,0.15354039987746304,0.16014498146333098,1.0430152688877905
2003.11.20.18.14.03,0.15565448625657044,0.16330150397706653,1.0491281549565572
2003.11.20.18.19.03,0.15571963582178308,0.16018847099661815,1.028697955471393
2003.11.20.18.24.03,0.15516845039519753,0.1637388432506548,1.055232831375382
2003.11.20.18.29.03,0.1552243026425288,0.15943104452704426,1.0271010519158417
2003.11.20.18.34.03,0.1557007723730943,0.16113277988636032,1.0348874795575818
2003.11.20.18.39.03,0.15262992384307786,0.1616173330850241,1.0588836645898245
2003.11.20.18.44.03,0.15427725191675012,0.16270652080990025,1.0546371470091953
2003.11.20.18.49.03,0.15608483317249108,0.16001295601841123,1.025166589002143
2003.11.20.18.54.03,0.15542563441090163,0.15985897089676224,1.028523843590306
2003.11.20.18.59.03,0.1550193706394059,0.1602902514105759,1.0340014331720564
2003.11.20.19.04.03,0.15518097156399968,0.16291451038907645,1.0498356128791686
2003.11.20.19.09.03,0.15538835437003676,0.16107416588038723,1.0365909757742235
2003.11.20.19.14.03,0.15499087438484282,0.1610422125974468,1.0390431903595723
2003.11.20.19.19.03,0.15697284423786492,0.1625041656617512,1.0352374415507468
2003.11.20.19.24.03,0.1548007642465893,0.1626349625839644,1.0506082665386305
2003.11.20.19.29.03,0.15588883744088888,0.16132211066271068,1.0348535104309957
2003.11.20.19.34.03,0.15520625547406666,0.16059540355370738,1.034722492744767
2003.11.20.19.39.03,0.15550855363582497,0.16181622047552702,1.040561542707635
2003.11.20.19.44.03,0.15666556939789172,0.1626249755296388,1.0380390289624626
2003.11.20.19.49.03,0.15504656716058324,0.16299078919767598,1.0512376519040556
2003.11.20.19.54.03,0.1563250733710147,0.16057563839054556,1.0271905518920996
2003.11.20.19.59.03,0.15493293486744716,0.16215513646274052,1.0466150183075813
2003.11.20.20.04.03,0.15447016534729896,0.16111575413493479,1.0430218273716119
2003.11.20.20.09.03,0.15579687782067994,0.15994692555388687,1.0266375539180161
2003.11.20.20.14.03,0.15660126048393178,0.16346504592797317,1.043829694747225
2003.11.20.20.19.03,0.15601004246396888,0.1606848441534702,1.029964748523038
2003.11.20.20.24.03,0.15581993720968842,0.1619481312544139,1.0393286902463497
2003.11.20.20.29.03,0.15557284972727609,0.1599514631275395,1.0281450999190362
2003.11.20.20.34.03,0.1557725513180696,0.1602529282895967,1.0287623007623383
2003.11.20.20.39.03,0.15531384446726934,0.16198260540294135,1.0429373244770679
2003.11.20.23.40.19,0.15383017821763306,0.1601880701621242,1.0413305894731282
2003.11.20.23.44.03,0.15539121229149952,0.162526258094846,1.0459166621981286
2003.11.20.23.54.03,0.15356722860419103,0.16148460177777982,1.0515563981036298
2003.11.21.00.04.03,0.15262272085726622,0.16156515698371315,1.0585917750399034
2003.11.21.00.14.03,0.15430812553920117,0.16090154862402467,1.0427289428977509
2003.11.21.00.24.03,0.15230936198424203,0.1625761199419848,1.0674072678395499
2003.11.21.00.34.03,0.15260770898547973,0.1607904264266649,1.0536192928626151
2003.11.21.00.44.03,0.15383455944516336,0.1601552091429592,1.0410873195242512
2003.11.21.00.54.03,0.15463491388362743,0.15959555985242627,1.0320797279489677
2003.11.21.01.04.03,0.15463868500601854,0.15943944270058108,1.0310449981799554
2003.11.21.01.14.03,0.1549265577015445,0.1616435202435246,1.0433557850999302
2003.11.21.01.24.03,0.1525240410737558,0.16194080995145843,1.0617395710958706
2003.11.21.01.34.03,0.15531451614637073,0.16184774158164247,1.0420644869351088
2003.11.21.01.44.03,0.15534602725397822,0.16220429299502412,1.0441483175481094
2003.11.21.01.54.03,0.15440179581462532,0.16270496358679798,1.0537763678742536
2003.11.21.02.04.03,0.15380403061683517,0.16039866394856403,1.0428768563819875
2003.11.21.02.14.03,0.15312031513879248,0.1601155792871785,1.0456847554293847
2003.11.21.02.24.03,0.1534946374012379,0.16220051654775758,1.0567178065235097
2003.11.21.02.34.03,0.15525752846958624,0.162452798132546,1.0463440950908174
2003.11.21.02.44.03,0.1545981624913541,0.16193683347870358,1.047469328671742
2003.11.21.02.54.03,0.15532299558978502,0.16295277845993453,1.049122043012228
2003.11.21.03.04.03,0.15466058777888236,0.16363904205288046,1.0580526325610151
2003.11.21.03.14.03,0.15584485912980095,0.16049012044286598,1.02980695891416
2003.11.21.03.24.03,0.15526432005464502,0.16149688993595007,1.0401416750423504
2003.11.21.03.34.03,0.15479349146524218,0.1602963789408934,1.0355498633925888
2003.11.21.03.44.03,0.15543372328418428,0.15966986968478508,1.0272537150310408
2003.11.21.03.54.03,0.15465723883296734,0.16402971190220006,1.0606015802425852
2003.11.21.04.04.03,0.1536478595558485,0.16238690776198678,1.0568771229967038
2003.11.21.04.14.03,0.15351617207281656,0.16136558493666836,1.05113085323759
2003.11.21.04.24.03,0.1535135316333099,0.16358071521614337,1.065578476866003
2003.11.21.04.34.03,0.1544232632678161,0.16131851060939775,1.044651610098559
2003.11.21.04.44.03,0.15334539559948482,0.16449959156484248,1.0727390341376193
2003.11.21.04.54.03,0.1545249956077596,0.16142221590323116,1.0446349813397129
2003.11.21.05.04.03,0.15418085717348312,0.16111154060347446,1.0449516467676203
2003.11.21.05.14.03,0.15506369753417062,0.16225160778406983,1.0463545650219983
2003.11.21.05.24.03,0.1545510793647605,0.16119566596099716,1.0429928190961033
2003.11.21.05.34.03,0.1533890149019092,0.16191434307122857,1.0555797830422944
2003.11.21.05.44.03,0.15390644178287544,0.1601599368478077,1.040631795475815
2003.11.21.05.54.03,0.15468123251191868,0.1616917260029483,1.0453221982860101
2003.11.21.06.04.03,0.15402656227016698,0.15934063523505038,1.0345010164906645
2003.11.21.06.14.03,0.15353726739938012,0.16185433250664585,1.0541696830231546
2003.11.21.06.24.03,0.15389054282158432,0.16012675627818068,1.0405236952333479
2003.11.21.06.34.03,0.15456263726363698,0.16096680118578605,1.0414341009931496
2003.11.21.06.44.03,0.15392950950511203,0.16228824679818352,1.0543023707406403
2003.11.21.06.54.03,0.15426080480289703,0.16471118040138852,1.06774485334654
2003.11.21.07.04.03,0.15438013038666318,0.1627547684353288,1.0542468647208054
2003.11.21.07.14.03,0.1534733001450802,0.16204506872125113,1.0558518554567338
2003.11.21.07.24.03,0.154100281561533,0.16415377282539836,1.06523992793518
2003.11.21.07.34.03,0.1543513658528003,0.16094023784078984,1.0426874874192764
2003.11.21.07.44.03,0.15532575820548689,0.1616629314900876,1.0407992425584494
2003.11.21.07.54.03,0.1546322679173076,0.16284904355361784,1.053137522633402
2003.11.21.08.04.03,0.1543237402244872,0.16024154771244958,1.038346708544998
2003.11.21.08.14.03,0.15551686033242906,0.1619922994408222,1.0416381805455137
2003.11.21.10.29.21,0.1547286717620053,0.16072728671062475,1.038768606233796
2003.11.21.10.38.36,0.1536235846532646,0.16454815514410404,1.0711125867522016
2003.11.21.10.48.36,0.15389787366165306,0.16349640922686384,1.0623695138654958
2003.11.21.10.58.36,0.15365271264613464,0.16190333985152414,1.0536965932023006
2003.11.21.11.08.36,0.15368676418083307,0.1610519874940426,1.0479236019605653
2003.11.21.11.18.36,0.1524220481482871,0.16337607324389258,1.0718664079684104
2003.11.21.11.28.36,0.1548744143766672,0.16322942179835412,1.0539469831431734
2003.11.21.11.38.36,0.1540635427195951,0.16006034659084445,1.0389242241570666
2003.11.21.11.48.36,0.1547348480251277,0.16418110519403376,1.0610480269277935
2003.11.21.11.58.36,0.15400394995441677,0.16133321889657828,1.047591434793269
2003.11.21.12.08.36,0.15474146486079815,0.16210793116826902,1.0476049927154145
2003.11.21.12.18.36,0.15281473333618514,0.16044804652835643,1.0499514217348294
2003.11.21.12.28.36,0.15424199182134427,0.16480287911575983,1.068469598775981
2003.11.21.12.38.36,0.15339134536858454,0.16055789667155507,1.0467207017824245
2003.11.21.12.48.36,0.15344730779499277,0.1612030924384478,1.0505436345212185
2003.11.21.12.58.36,0.1518187847672452,0.16425783802764368,1.0819335583502985
2003.11.21.13.08.36,0.15337582502197625,0.16145389422661038,1.0526684645606743
2003.11.21.13.18.36,0.15360487815740098,0.16192711440910498,1.0541795049189524
2003.11.21.14.58.36,0.1531115370357097,0.15711234442121744,1.026130019089121
2003.11.21.15.08.36,0.15351086029501504,0.15842943412037777,1.0320405593188018
2003.11.21.15.18.36,0.15491490371354888,0.15780098147939187,1.0186300846249086
2003.11.21.15.28.36,0.15431537104330978,0.1597835808980678,1.0354352895488508
2003.11.21.16.40.54,0.1546275824612559,0.15947045961630127,1.031319620199448
2003.11.21.16.46.56,0.1564212143191022,0.16130443303637845,1.0312183915623772
2003.11.21.16.56.56,0.15588512757170542,0.16483129662675183,1.0573894969610316
2003.11.21.17.06.56,0.1546693720438455,0.1621419190224936,1.0483130362521276
2003.11.21.17.16.56,0.15555499947390994,0.16175064525446065,1.0398292938285782
2003.11.21.17.26.56,0.155732880059545,0.16237534987813537,1.0426529697264355
2003.11.21.17.36.56,0.15358307296943363,0.1614470843191547,1.0512036333019992
2003.11.21.17.46.56,0.15470649504586095,0.15799267221189803,1.0212413652384984
2003.11.21.17.56.56,0.15588018203846105,0.16332305311172202,1.0477473850487584
2003.11.21.18.06.56,0.15491736677126858,0.1601163210896905,1.0335595319412965
2003.11.21.18.16.56,0.1553017803141677,0.16009357157661344,1.030854709152414
2003.11.21.18.26.56,0.15615031835967588,0.16238773360506828,1.039944940944822
2003.11.21.18.36.56,0.15459765225264985,0.16014218718747258,1.035864289360369
2003.11.21.18.46.56,0.153779732897414,0.1608047217743368,1.045682150336476
2003.11.21.18.56.56,0.1563525675856492,0.16345008436255087,1.045394309070196
2003.11.21.19.06.56,0.15419017940770824,0.16015229735976122,1.0386673001805646
2003.11.21.19.16.56,0.15379181945236473,0.15910620332201658,1.0345556993120686
2003.11.21.19.26.56,0.15669652306862739,0.1606294792055423,1.0250991921192305
2003.11.21.19.36.56,0.15553609879170735,0.16036021691779379,1.0310160674181936
2003.11.21.19.46.56,0.15566466895270825,0.16066106690162602,1.0320971867446407
2003.11.21.19.56.56,0.15523743281462432,0.16174280271009164,1.0419059358140486
2003.11.21.20.06.56,0.15434869999908082,0.16011848121732777,1.0373814694796997
2003.11.21.20.16.56,0.1543953092663035,0.16158959546728635,1.0465965335033207
2003.11.21.20.26.56,0.15533779079170296,0.16340533398218104,1.0519354829842797
2003.11.21.20.36.56,0.15530557878818899,0.16255885652875854,1.046703265891445
2003.11.21.20.46.56,0.15576598690272933,0.16151290099400728,1.0368945377970527
2003.11.21.20.56.56,0.15532858159952,0.1623699688584973,1.0453322060014167
2003.11.21.21.06.56,0.15569961156974269,0.16042618136691014,1.030356978733054
2003.11.21.21.16.56,0.15484542396294967,0.16124388342323642,1.0413215921822638
2003.11.21.21.26.56,0.156707639343191,0.16195366377141449,1.0334765072731051
2003.11.21.21.36.56,0.1574219882133588,0.1609334520121982,1.022306056724936
2003.11.21.21.46.56,0.15672368324737967,0.16181882848405843,1.0325103719559496
2003.11.21.21.56.56,0.15699696780635805,0.16400560829063515,1.044641884376529
2003.11.21.22.06.56,0.15624472491095498,0.16287786385864794,1.042453522520349
2003.11.21.22.16.56,0.1563529866849767,0.16207756721079186,1.0366131830749683
2003.11.21.22.26.56,0.15718590782618086,0.16279116522883696,1.035660050447108
2003.11.21.22.36.56,0.15537136459946535,0.1629969895535363,1.0490799895703382
2003.11.21.22.46.56,0.15676357752450423,0.16332012396096507,1.0418244246526969
2003.11.21.22.56.56,0.1563155373492887,0.1620222663553435,1.0365077528621038
2003.11.21.23.06.56,0.15417204634124462,0.16214103802226473,1.0516889531542024
2003.11.21.23.16.56,0.1548780057971031,0.16323206271694335,1.0539395950822381
2003.11.21.23.26.56,0.15691448877369285,0.1620942440227675,1.0330100508216618
2003.11.21.23.36.56,0.1564033563044005,0.1612840307476805,1.0312056886668146
2003.11.21.23.46.56,0.1555883709089769,0.16188864204098755,1.0404932007141874
2003.11.21.23.56.56,0.15616371617632568,0.15994417803687205,1.0242083241428361
2003.11.22.00.06.56,0.15447675116466758,0.16061685108220278,1.0397477281936751
2003.11.22.00.16.56,0.156480529158932,0.16042840595574087,1.0252291886922182
2003.11.22.00.26.56,0.15453784980219046,0.16192290434995602,1.0477879985855794
2003.11.22.00.36.56,0.1554749354925296,0.16223590679354863,1.0434859244649366
2003.11.22.00.46.56,0.1559081909768434,0.1629136299702334,1.0449331042166379
2003.11.22.00.56.56,0.15772552878859095,0.16438223561189824,1.0422043715715146
2003.11.22.01.06.56,0.15804681552767047,0.16351625895720392,1.0346064766396756
2003.11.22.01.16.56,0.1573660192470785,0.1635786428972602,1.039478813023969
2003.11.22.01.26.56,0.15647902886524243,0.16108121647411672,1.029410890662145
2003.11.22.01.36.56,0.15615929038840237,0.1613205341737181,1.0330511477894053
2003.11.22.01.46.56,0.15727608509674754,0.16378249498668196,1.041369353045201
2003.11.22.01.56.56,0.15720070024096586,0.16313840073069477,1.037771463362614
2003.11.22.02.06.56,0.15620240290670348,0.16320143847860036,1.0448074769763769
2003.11.22.02.16.56,0.15544297053853465,0.16057958319494575,1.033044998037642
2003.11.22.02.26.56,0.1572124750288205,0.16404422963744794,1.043455550250545
2003.11.22.02.36.56,0.1554905867202055,0.16374239605436644,1.0530695105614947
2003.11.22.02.46.56,0.15651810342327419,0.1616713460112637,1.0329242590810952
2003.11.22.02.56.56,0.15645812217376454,0.16081121501624196,1.0278227348123405
2003.11.22.03.06.56,0.1572215794629609,0.1636633301767114,1.0409724335282364
2003.11.22.03.16.56,0.15585997493618872,0.1589138065128094,1.0195934304356904
2003.11.22.03.26.56,0.15634582467891892,0.16435145030923823,1.0512046013813299
2003.11.22.03.36.56,0.15449935432965814,0.16167776986812768,1.0464624306659096
2003.11.22.03.46.56,0.15536618130393998,0.1640993207193341,1.0562100409632238
2003.11.22.03.56.56,0.15733323326323176,0.16370511878975794,1.0404992981734855
2003.11.22.04.06.56,0.15753618678413026,0.1611713701216038,1.023075227423492
2003.11.22.04.16.56,0.15560883136389625,0.16309205231799886,1.0480899502201315
2003.11.22.04.26.56,0.15780601549177595,0.15988800951271329,1.01319337551518
2003.11.22.04.36.56,0.1565852972736126,0.16346027670521934,1.04390565111355
2003.11.22.04.46.56,0.15623512554200158,0.16023689646358372,1.0256137722403935
2003.11.22.04.56.56,0.15684307537462006,0.16546768132917414,1.0549887582474022
2003.11.22.05.06.56,0.15550946969884383,0.1608628930528359,1.0344250634019871
2003.11.22.05.16.56,0.15635470320041744,0.16199507265485924,1.0360741911755087
2003.11.22.05.26.56,0.15719434254490522,0.1642510505816858,1.0448916158338504
2003.11.22.05.36.56,0.1566796830980428,0.16050981400096695,1.0244456130315724
2003.11.22.05.46.56,0.15459766630752994,0.1630766365985541,1.0548453963991768
2003.11.22.05.56.56,0.15637258816085703,0.16426237467653693,1.0504550484741215
2003.11.22.06.06.56,0.1580780666205289,0.16116931423680658,1.0195551962543818
2003.11.22.06.16.56,0.15715680133254853,0.16266454364662764,1.035046159424081
2003.11.22.06.26.56,0.15679584516353384,0.16241455641279703,1.0358345671940672
2003.11.22.06.36.56,0.15635972616004337,0.16217724196847103,1.0372059733749666
2003.11.22.06.46.56,0.1571228290174203,0.161193753059449,1.0259091824369924
2003.11.22.06.56.56,0.15807740606612242,0.1638639658875808,1.0366058626938621
2003.11.22.07.06.56,0.15684948295335363,0.16258128525880908,1.036543329295896
2003.11.22.07.16.56,0.1549218433245051,0.1611038915333441,1.0399043032033246
2003.11.22.07.26.56,0.15850037291088823,0.16448084564466578,1.0377316003990722
2003.11.22.07.36.56,0.15740741869106542,0.16236157114648853,1.0314734368724154
2003.11.22.07.46.56,0.15625035109335556,0.15979517025100248,1.0226867916317768
2003.11.22.07.56.56,0.15877746609715868,0.1641861035877523,1.0340642637997761
2003.11.22.08.06.56,0.15698842808543048,0.16402482945497726,1.0448211467262905
2003.11.22.08.16.56,0.15569934296711282,0.16137538744749189,1.0364551601324226
2003.11.22.08.26.56,0.15615955350968364,0.16240909266080594,1.0400202165712185
2003.11.22.08.36.56,0.15711332463334787,0.16156185474967863,1.0283141492086187
2003.11.22.08.46.56,0.1565824204517584,0.16145011262674144,1.0310870924139452
2003.11.22.08.56.56,0.15730868154384392,0.16351041051169532,1.0394239460084909
2003.11.22.09.06.56,0.15673973205130734,0.1638658868020488,1.0454648904746677
2003.11.22.09.16.56,0.15707948746051908,0.16313814183173875,1.0385706273248598
2003.11.22.09.26.56,0.15719192401826024,0.16229917683936163,1.0324905547978922
2003.11.22.09.36.56,0.1575112726930699,0.16282226008413667,1.0337181415670222
2003.11.22.09.46.56,0.15770301105960413,0.16290317607520924,1.0329744180574947
2003.11.22.09.56.56,0.15828283933061885,0.16398719893947705,1.0360390275596651
2003.11.22.10.06.56,0.1573961590347943,0.16532618888267142,1.0503826135053531
2003.11.22.10.16.56,0.15724428320167758,0.16525781541773032,1.0509623119701896
2003.11.22.10.26.56,0.15819320632487271,0.16367222300082337,1.0346349682343419
2003.11.22.10.36.56,0.15660096567764797,0.1627027929327736,1.0389641738716082
2003.11.22.10.46.56,0.15671901810171485,0.16278246963931653,1.038689953593675
2003.11.22.10.56.56,0.15788702943085603,0.1649543732784065,1.0447620293638211
2003.11.22.11.06.56,0.15800953912066512,0.16506941070823056,1.0446800340463882
2003.11.22.11.16.56,0.1557315462645675,0.16201422719765424,1.0403430203050401
2003.11.22.11.26.56,0.1573274668833688,0.16521664517762732,1.050144952121469
2003.11.22.11.36.56,0.15744994166673856,0.16432406262806962,1.0436590886510517
2003.11.22.11.46.56,0.1558959584258541,0.16593759298490804,1.0644124110749789
2003.11.22.11.56.56,0.1589030538333928,0.16437640015444546,1.0344445634555985
2003.11.22.12.06.56,0.15754941948505594,0.1631551576529225,1.0355808240118478
2003.11.22.12.16.56,0.15734352749487743,0.16368717171955435,1.0403171603285903
2003.11.22.12.26.56,0.15793547312708123,0.16409734391893732,1.0390151159195122
2003.11.22.12.36.56,0.1580099201420001,0.1655374019528895,1.0476392988751884
2003.11.22.12.46.56,0.15584814448887416,0.16308117661464067,1.0464107683122457
2003.11.22.12.56.56,0.15749924261970677,0.16630100545114723,1.0558844771888392
2003.11.22.13.06.56,0.15776192398105168,0.16432837697280292,1.0416225463410291
2003.11.22.13.16.56,0.15613092681654633,0.16401766634435108,1.0505136278161704
2003.11.22.13.26.56,0.15943132858743997,0.16638644204292344,1.043624509167086
2003.11.22.13.36.56,0.1561154611402447,0.16422909012403603,1.051971975898675
2003.11.22.13.46.56,0.15650744525396187,0.16433605958071293,1.0500207150787473
2003.11.22.13.56.56,0.15643973074468248,0.1636627494472723,1.0461712550143554
2003.11.22.14.06.56,0.15582935440831583,0.16353895990329032,1.0494746674928346
2003.11.22.14.16.56,0.15664980506142115,0.16627490047898652,1.0614433922454705
2003.11.22.14.26.56,0.15786780621229032,0.16435887634799343,1.0411171238230443
2003.11.22.14.36.56,0.15739356119444262,0.1649290060928679,1.0478764495906923
2003.11.22.14.46.56,0.15657981020198813,0.1646642783379166,1.0516316128209602
2003.11.22.14.56.56,0.15761517970375466,0.16745503944156176,1.0624296451414235
2003.11.22.15.06.56,0.15546021773069468,0.16417786360663092,1.0560763776301787
2003.11.22.15.16.56,0.15733041061876357,0.1673998970642138,1.064002162111241
2003.11.22.15.26.56,0.15802813114877678,0.16525250210851575,1.0457157273658924
2003.11.22.15.36.56,0.15578022441989386,0.16655333904216316,1.069155855066887
2003.11.22.15.46.56,0.1565526219438691,0.16575695141791,1.058793837878621
2003.11.22.15.56.56,0.1580710816237528,0.1666971465618863,1.054570797197843
2003.11.22.16.06.56,0.15635626277256415,0.16662532498327273,1.0656773321938884
2003.11.22.16.16.56,0.15530980049842114,0.16256587727172328,1.0467200186338268
2003.11.22.16.26.56,0.1571616558960371,0.16708491230485736,1.0631404419369603
2003.11.22.16.36.56,0.1550534637192221,0.16460059065313032,1.0615731290672525
2003.11.22.16.46.56,0.15595568092911044,0.16457112957457978,1.0552429292356813
2003.11.22.16.56.56,0.15627227341246433,0.16703050718964857,1.0688428826320906
2003.11.22.17.06.56,0.1564723652093837,0.16269755074240708,1.0397845685063503
2003.11.22.17.16.56,0.1545294440301447,0.1676859070635764,1.085138875092731
2003.11.22.17.26.56,0.15757039442490062,0.16430133805754596,1.0427170577138676
2003.11.22.17.36.56,0.15421130855273513,0.1632416088243512,1.0585579641101872
2003.11.22.17.46.56,0.1564032420415055,0.16217508532688135,1.0369036038514097
2003.11.22.17.56.56,0.1580025529486193,0.16547477916305706,1.0472918068410428
2003.11.22.18.06.56,0.15574225815931428,0.1654480391606663,1.0623195086295951
2003.11.22.18.16.56,0.15521399526515603,0.16856249985516314,1.0860006506965014
2003.11.22.18.26.56,0.15658596677299783,0.16777219546251548,1.0714382579745112
2003.11.22.18.36.56,0.15575843300805578,0.16860391651460085,1.0824705491604472
2003.11.22.18.46.56,0.1558703472015083,0.16716323889390275,1.0724505455665345
2003.11.22.18.56.56,0.1556506261845439,0.1710977276934881,1.0992421417606741
2003.11.22.19.06.56,0.15507724244081358,0.1666333686301025,1.0745185174007683
2003.11.22.19.16.56,0.15664070791768378,0.1668482328719726,1.0651652120957789
2003.11.22.19.26.56,0.15792673912811797,0.16527042957703633,1.046500614711995
2003.11.22.19.36.56,0.15737632172796834,0.16573678700988315,1.0531240353702396
2003.11.22.19.46.56,0.15590364659456935,0.16790820027831613,1.0769998261488063
2003.11.22.19.56.56,0.15524256929806857,0.16687694579858087,1.0749432101846632
2003.11.22.20.06.56,0.15543823397117623,0.16358602939637565,1.052418219231121
2003.11.22.20.16.56,0.15442991353154148,0.16255640517457703,1.0526225227819983
2003.11.22.23.14.58,0.1559699507504871,0.16513386511616301,1.0587543582695353
2003.11.22.23.16.56,0.15476849820654517,0.16543381078834257,1.0689113915647361
2003.11.22.23.26.56,0.15479680024223488,0.16655896073866377,1.075984519563859
2003.11.22.23.36.56,0.154180060369767,0.16914916087006424,1.0970884332539315
2003.11.22.23.46.56,0.15475314784384234,0.16522982026819305,1.067699252456709
2003.11.22.23.56.56,0.1559755572610357,0.1685914013100998,1.0808834683497917
2003.11.23.00.06.56,0.15490070628823405,0.1707554329182347,1.102354127427274
2003.11.23.00.16.56,0.15580746425626968,0.17442373744862502,1.1194825503464685
2003.11.23.00.26.56,0.15543161349805698,0.17140814649702876,1.1027881821426984
2003.11.23.00.36.56,0.15536463504999698,0.1655072663800879,1.065282754513773
2003.11.23.00.46.56,0.1535094062035573,0.17027526614210775,1.1092171506175883
2003.11.23.00.56.56,0.15456700262598497,0.1641139962336108,1.061766052556038
2003.11.23.01.06.56,0.15601587365403322,0.1687901530643431,1.0818780750389347
2003.11.23.01.16.56,0.1577091305950511,0.16341918530868133,1.0362062405143295
2003.11.23.01.26.56,0.15534293338650781,0.1670440973777583,1.075324726630061
2003.11.23.01.36.56,0.15499502480674582,0.1650887614888484,1.0651229721385436
2003.11.23.01.46.56,0.15578948589688466,0.16990914664971504,1.0906329504301466
2003.11.23.01.56.56,0.15561922852626334,0.17011787216423646,1.0931674303701244
2003.11.23.02.06.56,0.15610974220505305,0.16468733796837381,1.0549459350977208
2003.11.23.02.16.56,0.15715090264192527,0.17137431419674962,1.0905079851003654
2003.11.23.02.26.56,0.15569500903960842,0.16762163829006946,1.0766025149041671
2003.11.23.02.36.56,0.15443816031450297,0.1643709873559656,1.064315885537843
2003.11.23.02.46.56,0.15627500378064504,0.1677781600397624,1.0736084209299634
2003.11.23.02.56.56,0.15554186879814305,0.170178915501451,1.0941035800611565
2003.11.23.03.06.56,0.15556414049079764,0.16832103362719741,1.0820040730219211
2003.11.23.03.16.56,0.15817134125169252,0.16789564121170814,1.0614795315198198
2003.11.23.03.26.56,0.15527097234678355,0.16605880203235804,1.0694774401327303
2003.11.23.03.36.56,0.15465242484282496,0.16740207069055144,1.082440646247119
2003.11.23.03.46.56,0.1557868321153841,0.17109108844961796,1.0982384462564763
2003.11.23.03.56.56,0.15672483771202117,0.17218720933505413,1.0986593564157634
2003.11.23.04.06.56,0.1548086176718491,0.1690653191192867,1.09209242781082
2003.11.23.04.16.56,0.155865345437025,0.16964411148208733,1.0884017291106536
2003.11.23.04.26.56,0.15604146897239368,0.1683432216728762,1.0788364322733908
2003.11.23.04.36.56,0.1547721853102266,0.16800174734024345,1.0854776457636715
2003.11.23.04.46.56,0.15624628151825326,0.16624203208702026,1.063974326119238
2003.11.23.04.56.56,0.157226805628694,0.17079411676713466,1.0862913361636382
2003.11.23.05.06.56,0.1552695287636953,0.16765798432234372,1.0797867788824322
2003.11.23.05.16.56,0.15566595956340898,0.16898360306689153,1.0855527023431075
2003.11.23.05.26.56,0.15490299352286177,0.1731594454677177,1.1178573217318843
2003.11.23.05.36.56,0.1537605760463122,0.16912035170071935,1.0998941084207492
2003.11.23.05.46.56,0.1559824942914769,0.16648396336762813,1.0673246643724497
2003.11.23.05.56.56,0.15359936408864946,0.16805346410257363,1.0941026032215995
2003.11.23.06.06.56,0.156289295996139,0.16701436464581984,1.068623181013918
2003.11.23.06.16.56,0.15602426741210604,0.1722246048099781,1.1038321644868372
2003.11.23.06.26.56,0.15443668080772213,0.16969086639156142,1.0987730732366048
2003.11.23.06.36.56,0.1548824078257639,0.17080541729164175,1.1028070888708714
2003.11.23.06.46.56,0.15589588482155928,0.16553205735360976,1.0618115901075913
2003.11.23.06.56.56,0.15543298018157214,0.16941331179940894,1.0899444352254288
2003.11.23.07.06.56,0.15563473394508132,0.17330856201012004,1.1135596638169167
2003.11.23.07.16.56,0.15628146714392033,0.17538976920726626,1.1222685095843707
2003.11.23.07.26.56,0.15583823462518354,0.17263712365781514,1.1077969669833316
2003.11.23.07.36.56,0.1543318906470828,0.16579329892595177,1.0742646787440597
2003.11.23.07.46.56,0.1564204830874041,0.17285925509012381,1.105093474193748
2003.11.23.07.56.56,0.1554093916206683,0.17662512412637182,1.1365151248869698
2003.11.23.08.06.56,0.15492431746057492,0.16648230773587475,1.074604106474383
2003.11.23.08.16.56,0.15634518803681047,0.16887009398522324,1.0801105944204938
2003.11.23.08.26.56,0.15479782713318765,0.17251998242504404,1.1144858143041523
2003.11.23.08.36.56,0.15612151451648767,0.16623032748973263,1.0647496471229618
2003.11.23.08.46.56,0.15598613845667506,0.17272926863777494,1.10733729513889
2003.11.23.08.56.56,0.1530431209659552,0.1693488801642651,1.1065435616798298
2003.11.23.09.06.56,0.1545519878337363,0.17073936643316914,1.1047374338326006
2003.11.23.09.16.56,0.1551914974439845,0.17207683603553384,1.1088032454718983
2003.11.23.09.26.56,0.1541649477135306,0.16678720332029748,1.0818750033257987
2003.11.23.09.36.56,0.15508825124369713,0.16610760466674906,1.0710521482748343
2003.11.23.09.46.56,0.15705724131914853,0.17134296760832682,1.0909587241517182
2003.11.23.09.56.56,0.15499851845310086,0.1702311434124203,1.0982759390950467
2003.11.23.10.06.56,0.1545316972630029,0.1686686477806134,1.0914825292674444
2003.11.23.10.16.56,0.15587327632241638,0.1671229082294768,1.0721716523350104
2003.11.23.10.26.56,0.1553332688578416,0.16836691006919977,1.083907596274732
2003.11.23.10.36.56,0.1541932685382212,0.17055556079004355,1.1061154770693928
2003.11.23.10.46.56,0.15548707099963932,0.17223355001843607,1.1077033537974073
2003.11.23.10.56.56,0.15585604664365968,0.17143452108467316,1.0999542512240876
2003.11.23.11.06.56,0.15579408124814345,0.167884322968041,1.0776039861273077
2003.11.23.11.16.56,0.1556728700848955,0.16891245392168022,1.0850474705680224
2003.11.23.11.26.56,0.15484203533990093,0.16477826883682015,1.0641701297396906
2003.11.23.11.36.56,0.15496286853630453,0.1662114716868619,1.0725890224981351
2003.11.23.11.46.56,0.1549322672069153,0.16587872075706395,1.0706531553916359
2003.11.23.11.56.56,0.1543861657778758,0.16537833976573799,1.0711992161504758
2003.11.23.12.06.56,0.15612279337536886,0.1670877240240325,1.0702327341934015
2003.11.23.12.16.56,0.15560574225099913,0.16796755333876057,1.079443154917903
2003.11.23.12.26.56,0.15410716375276612,0.1687033682676305,1.094714639861136
2003.11.23.12.36.56,0.15567144763692214,0.16693862419478264,1.0723779262600508
2003.11.23.12.46.56,0.1559612857610824,0.1663976504526788,1.0669163801815784
2003.11.23.12.56.56,0.155606954745713,0.16759625790590463,1.0770486330754565
2003.11.23.13.06.56,0.15397466309428964,0.16899574597664618,1.0975555495981704
2003.11.23.13.16.56,0.15505873619348856,0.16767469551373873,1.0813624541896656
2003.11.23.13.26.56,0.15656070560972707,0.16703719660251762,1.0669164778734852
2003.11.23.13.36.56,0.15478193534700885,0.16656469378832023,1.0761248941286035
2003.11.23.13.46.56,0.15647870293639402,0.169976427737284,1.0862591812661981
2003.11.23.13.56.56,0.15489387180723937,0.16872614168726752,1.089301595464293
2003.11.23.14.06.56,0.1550922040208562,0.16607270386415102,1.0707998181637692
2003.11.23.14.16.56,0.15528635044576722,0.1693530304593964,1.0905854247540054
2003.11.23.14.26.56,0.15564996489644842,0.16851458492377225,1.0826509664546502
2003.11.23.14.36.56,0.15528103491633322,0.17141196292895153,1.1038821516182564
2003.11.23.14.46.56,0.1566469083839512,0.1645913974817639,1.0507159010016354
2003.11.23.14.56.56,0.15460094927142265,0.16563554477045755,1.0713746943407327
2003.11.23.15.06.56,0.15806270403926137,0.17019400436294385,1.076749922743756
2003.11.23.15.16.56,0.15539111818046422,0.17052490109814242,1.0973915568333996
2003.11.23.15.26.56,0.15483131840232817,0.16765938691147375,1.0828518974165933
2003.11.23.15.36.56,0.1550435153445336,0.16597916820295175,1.070532797415727
2003.11.23.15.46.56,0.15433818070535074,0.16674309086018937,1.0803748631618317
2003.11.23.15.56.56,0.15489434324196405,0.16375569094953424,1.0572089820848245
2003.11.23.16.06.56,0.15637340689136534,0.16462225818711454,1.0527509853480381
2003.11.23.16.16.56,0.15611578704552512,0.16613555991291606,1.0641816760304266
2003.11.23.16.26.56,0.15648356683515724,0.1652528494400229,1.0560396390638473
2003.11.23.16.36.56,0.15581745708244832,0.1662194350427696,1.0667574619371258
2003.11.23.16.46.56,0.15765746344924494,0.1668810468239653,1.05850394375836
2003.11.23.16.56.56,0.15506911544987367,0.16385073356755225,1.0566303489395814
2003.11.23.17.06.56,0.15519190378996298,0.16635626273856885,1.0719390552983727
2003.11.23.17.16.56,0.15533533392888071,0.1673209629385149,1.0771597080102955
2003.11.23.17.26.56,0.15650801509527396,0.16835592122327475,1.0757015934346137
2003.11.23.17.36.56,0.15506726945632537,0.16646135912586818,1.07347836657917
2003.11.23.20.01.11,0.1556878393462781,0.16652833945547188,1.0696297164551338
2003.11.23.20.01.24,0.15472668332644865,0.16499246490843908,1.066347842280903
2003.11.23.20.11.24,0.15593297071954307,0.1646704426650393,1.05603351174019
2003.11.23.20.21.24,0.15560660675065544,0.16627019570120086,1.0685291529275025
2003.11.23.20.31.24,0.15531501035446074,0.16516375367296468,1.0634114068951035
2003.11.23.20.41.24,0.15619465894957804,0.1686387835186219,1.0796706151972906
2003.11.23.20.51.24,0.15656705363886825,0.1651190475187997,1.0546219251187874
2003.11.23.21.01.24,0.1545188869549003,0.16677943409986698,1.0793465924236512
2003.11.23.21.11.24,0.15532544243106552,0.168223916213861,1.0830416033646253
2003.11.23.21.21.24,0.1554826416532365,0.17162099185050178,1.1037951891328015
2003.11.23.21.31.24,0.1545696042203257,0.16682032270787447,1.0792569700190628
2003.11.23.21.41.24,0.1552999664837174,0.1658520329274618,1.067946353644904
2003.11.23.21.51.24,0.1547876191148698,0.17127952057943727,1.1065453526507738
2003.11.23.22.01.24,0.1569708185957664,0.16650166161426888,1.0607172919384873
2003.11.23.22.11.24,0.15659250289490434,0.16730314195673,1.0683981599618086
2003.11.23.22.21.24,0.1563519834367616,0.16948734829027431,1.084011501260075
2003.11.23.22.31.24,0.1555245681832737,0.17083207472224368,1.0984250058867309
2003.11.23.22.41.24,0.15614855503729255,0.17243567768722667,1.1043053049453087
2003.11.23.22.51.24,0.15533466469735796,0.17019110194613768,1.095641480140475
2003.11.23.23.01.24,0.15523794739850177,0.17568687077439793,1.1317263189740778
2003.11.23.23.11.24,0.15497697063041738,0.17349672989195827,1.119500072728264
2003.11.23.23.21.24,0.15701000089439962,0.17359920488166666,1.1056569893176706
2003.11.23.23.31.24,0.15673083499640994,0.17005796245898963,1.0850319432221807
2003.11.23.23.41.24,0.1554022632645174,0.16690639086190462,1.0740280569646885
2003.11.23.23.51.24,0.15427234662632752,0.1696381088914907,1.0996015332701299
2003.11.24.00.01.24,0.15395255030086583,0.17084437762826,1.109720997114909
2003.11.24.00.11.24,0.15635275277647417,0.16724160208153016,1.0696428371851114
2003.11.24.00.21.24,0.15492720442799904,0.17490703390033377,1.1289626928085452
2003.11.24.00.31.24,0.15471984147388185,0.16687143752049435,1.0785393517137478
2003.11.24.00.41.24,0.15502411559501195,0.17092409825206406,1.1025645758147045
2003.11.24.00.51.24,0.1564925564199261,0.1677020893474031,1.0716298153977226
2003.11.24.01.01.24,0.15484113661391996,0.17810003731334711,1.150211379275914
2003.11.24.01.11.24,0.15714969755429453,0.17085593760831264,1.0872177310381566
2003.11.24.01.21.24,0.1556482903317705,0.1676093802437773,1.0768469084145498
2003.11.24.01.31.24,0.1554953540365535,0.17389312478547347,1.118317173287345
2003.11.24.01.41.24,0.15421897622197187,0.17609107556753478,1.1418249548880532
2003.11.24.01.51.24,0.15428879029452164,0.17087408087147646,1.1074951105993844
2003.11.24.02.01.24,0.15658748989682253,0.17107660644704611,1.0925304860546052
2003.11.24.02.11.24,0.15384017442650708,0.18353293886503724,1.1930104704393394
2003.11.24.02.21.24,0.1555807373048235,0.1763961194777166,1.1337915125836582
2003.11.24.02.31.24,0.1550088138560091,0.1760656396707099,1.1358427646202165
2003.11.24.02.41.24,0.15518281463174732,0.17829303518781764,1.1489225505473106
2003.11.24.02.51.24,0.15685569135404762,0.18454672656839344,1.1765382879977422
2003.11.24.03.01.24,0.15559699672752364,0.17758737753611953,1.1413290826371458
2003.11.24.03.11.24,0.15565284514947036,0.1777116565150641,1.1417180093586539
2003.11.24.03.21.24,0.15617211527620337,0.17659008371371146,1.1307401670355635
2003.11.24.03.31.24,0.1553532854835934,0.18428610131714188,1.1862388409970515
2003.11.24.03.41.24,0.1562662921193639,0.18486477426926148,1.1830112032609863
2003.11.24.03.51.24,0.15588859860740698,0.17774986319878702,1.1402364559478522
2003.11.24.04.01.24,0.1569469030312282,0.17535964481401323,1.117318286803795
2003.11.24.04.11.24,0.1555428896714464,0.1771564540978274,1.1389556570026145
2003.11.24.04.21.24,0.15546548567552904,0.18172425561307165,1.1689041771776092
2003.11.24.04.31.24,0.15655420449579915,0.1754181203392608,1.1204944696580654
2003.11.24.04.41.24,0.1561026966592726,0.1879454710751399,1.2039860623636178
2003.11.24.04.51.24,0.1561529866016317,0.17988957740401126,1.1520085610846174
2003.11.24.05.01.24,0.15445183942939947,0.17721441773601726,1.1473765439810295
2003.11.24.05.11.24,0.15618777229618122,0.17860945250304505,1.1435559255198624
2003.11.24.05.21.24,0.15455198609610296,0.17748204106991713,1.1483646736157496
2003.11.24.05.31.24,0.15627722200368005,0.18502290715442507,1.1839403387274705
2003.11.24.05.41.24,0.15478775554797003,0.17428179114471304,1.1259404242133457
2003.11.24.05.51.24,0.15662275334457115,0.1819612291561464,1.161780298650672
2003.11.24.06.01.24,0.15521432510805824,0.18459216752220792,1.1892727516851116
2003.11.24.06.11.24,0.1572404149565344,0.17963107959331362,1.1423976440342556
2003.11.24.06.21.24,0.15730740891146067,0.18172645888635755,1.1552314041905105
2003.11.24.06.31.24,0.15602307208691124,0.1853390707394912,1.1878952789511141
2003.11.24.06.41.24,0.155210525973746,0.17490934761416413,1.1269167894176857
2003.11.24.06.51.24,0.15525421488717908,0.17571391001804076,1.1317818981322307
2003.11.24.07.01.24,0.15550265428050175,0.18148765023411373,1.1671032309631142
2003.11.24.08.01.24,0.15505220517014584,0.178243638670676,1.1495717747134337
2003.11.24.08.11.24,0.15566857604027298,0.1820436058038362,1.1694306611807108
2003.11.24.08.21.24,0.15554559171997007,0.18118943829271097,1.1648638594586964
2003.11.24.08.31.24,0.1576983261184052,0.18085412991854444,1.1468360785437448
2003.11.24.08.41.24,0.15679084473954666,0.1776297015948399,1.132908633089577
2003.11.24.08.51.24,0.1559645694503342,0.17350531838480485,1.1124662415078597
2003.11.24.09.01.24,0.15721427067635074,0.17553891003292368,1.1165583714362481
2003.11.24.09.11.24,0.15650372384122965,0.17624456551905365,1.126136562078553
2003.11.24.09.21.24,0.1561146075904654,0.1823513064790307,1.1680604992288224
2003.11.24.10.02.30,0.15837355819563717,0.18096498590348045,1.142646461727761
2003.11.24.10.11.24,0.15628524680577058,0.17736369587724082,1.1348716497704117
2003.11.24.10.21.24,0.1555921344563648,0.17594003120403873,1.1307771554055028
2003.11.24.10.31.24,0.15515684777704586,0.1751490181658268,1.1288513570313627
2003.11.24.10.41.24,0.15595685141074478,0.18431534667922903,1.1818355206068905
2003.11.24.10.51.24,0.15756933524691996,0.17758114259974578,1.127003184480446
2003.11.24.12.53.55,0.15914733509417658,0.18464381555591533,1.160206769699606
2003.11.24.12.57.32,0.15680750368809085,0.179871898318463,1.1470873146239866
2003.11.24.13.07.32,0.15648560923751903,0.18348726060598186,1.1725503801916943
2003.11.24.13.17.32,0.1576310299451301,0.17785740947587408,1.1283147076929245
2003.11.24.13.27.32,0.1583699330471519,0.19124515440144163,1.2075849924398319
2003.11.24.13.37.32,0.15806953356484052,0.18205316324647283,1.1517283510664258
2003.11.24.13.47.32,0.1570027290641591,0.17930634683586913,1.142058790344948
2003.11.24.13.57.32,0.15645107468320968,0.18368867293454194,1.1740965877446632
2003.11.24.14.07.32,0.15692337214883734,0.18818252416827594,1.1992001037919973
2003.11.24.14.17.32,0.15692052066153586,0.18049020502877192,1.1502014157732363
2003.11.24.14.27.32,0.15658801532355135,0.18112346687800082,1.1566879272577335
2003.11.24.14.37.32,0.1564656569558976,0.18769471335102084,1.1995904852393626
2003.11.24.14.47.32,0.15613987634915086,0.1862964737268177,1.193138345455279
2003.11.24.14.57.32,0.1558092041744285,0.18547115547092152,1.190373549840396
2003.11.24.15.07.32,0.15682448483246725,0.17857585608629495,1.1386988216608158
2003.11.24.15.17.32,0.1571838260629294,0.17706947554539681,1.126512059036571
2003.11.24.15.27.32,0.15547433988066367,0.1814609366591144,1.1671439595652702
2003.11.24.15.37.32,0.15723620642007044,0.17669177886024262,1.1237346847976915
2003.11.24.15.47.32,0.15756712622745306,0.1773854236553574,1.1257768539821942
2003.11.24.15.57.32,0.15735372765037614,0.17885116646556642,1.1366185544898904
2003.11.24.16.07.32,0.15673824218262752,0.18190121643095877,1.1605413835062153
2003.11.24.16.17.32,0.15756714265150387,0.17633188409816694,1.119090446973235
2003.11.24.16.27.32,0.1557467931426479,0.17656330503135056,1.1336561188109788
2003.11.24.16.37.32,0.15683631510695514,0.1781971193091463,1.1361980749651257
2003.11.24.16.47.32,0.15601443837180182,0.17826846401893934,1.1426408086289002
2003.11.24.16.57.32,0.15621656298479125,0.18387364064121928,1.177043183693144
2003.11.24.17.07.32,0.15714809070462604,0.1825385976949464,1.1615705725502201
2003.11.24.17.17.32,0.15704657450100593,0.183977065406814,1.1714809189017719
2003.11.24.17.27.32,0.1563112592413771,0.18466428087440023,1.1813882235395479
2003.11.24.17.37.32,0.1576829177148321,0.18055381923577524,1.1450436220510896
2003.11.24.17.47.32,0.15634640354159293,0.18806417673313677,1.2028685820272542
2003.11.24.17.57.32,0.15672801754751764,0.18308347158703153,1.1681604505175553
2003.11.24.18.07.32,0.15562811383054517,0.17992935326946727,1.1561494182560252
2003.11.24.18.17.32,0.1560368389746072,0.18215681734021272,1.1673962285909687
2003.11.24.18.27.32,0.15608790623445576,0.18590365303804715,1.1910189426130549
2003.11.24.18.37.32,0.1545158759098984,0.179053430316772,1.158802804322722
2003.11.24.18.47.32,0.15457822244892308,0.18215486803065578,1.178399292894216
2003.11.24.18.57.32,0.15596609363346012,0.18046466932615926,1.1570762921733095
2003.11.24.19.07.32,0.15490623092974465,0.17764350973996876,1.1467809181964814
2003.11.24.19.17.32,0.15530051513114823,0.17914954758634088,1.1535669887189532
2003.11.24.19.27.32,0.15561641464144896,0.17533044819555194,1.126683509574009
2003.11.24.19.37.32,0.1559925881214493,0.17887575408755269,1.1466939310493873
2003.11.24.19.47.32,0.15707308895363808,0.17818832659949452,1.1344293779826844
2003.11.24.19.57.32,0.1571836594026336,0.18149964192673013,1.1546979031822255
2003.11.24.20.07.32,0.15680767822150404,0.17896984036358088,1.1413333989345273
2003.11.24.20.17.32,0.15514366404768395,0.1792486969585222,1.1553723322109337
2003.11.24.20.27.32,0.1551001939586654,0.18260777425605407,1.1773536163643967
2003.11.24.20.37.32,0.15501969144701624,0.17560021497152806,1.1327607049943456
2003.11.24.20.47.32,0.15560287320737565,0.17828889020110208,1.1457943322389186
2003.11.24.20.57.32,0.15613590818953813,0.1790036293386429,1.1464603588903133
2003.11.24.21.07.32,0.15594566345741032,0.1767214456027833,1.133224494254994
2003.11.24.21.17.32,0.15532404933793859,0.18135280772334522,1.1675771298543465
2003.11.24.21.27.32,0.15592529072944677,0.17443676633444782,1.118720160907836
2003.11.24.21.37.32,0.15669479596346284,0.1771064828006022,1.1302639740626668
2003.11.24.21.47.32,0.15588122199640903,0.17535295865032297,1.124913933856398
2003.11.24.21.57.32,0.15554784906776878,0.1753208973311956,1.1271187508019616
2003.11.24.22.07.32,0.15716392669285031,0.17428191736020693,1.1089180642629957
2003.11.24.22.17.32,0.1560109111393535,0.1755087519797357,1.1249774179125598
2003.11.24.22.27.32,0.15803007696198018,0.17531184742525605,1.1093574767253553
2003.11.24.22.37.32,0.15660478096748837,0.17638335436007702,1.1262961020116924
2003.11.24.22.47.32,0.15644702000472677,0.18066341273531802,1.1547897347604295
2003.11.24.22.57.32,0.15645392786046872,0.17895542159968744,1.14382185252189
2003.11.24.23.07.32,0.15605923151237922,0.17973548571225093,1.1517132563733894
2003.11.24.23.17.32,0.15602600710323303,0.17876917742952259,1.1457652525276878
2003.11.24.23.27.32,0.15506236790225128,0.1814178831864261,1.1699671921738541
2003.11.24.23.37.32,0.15611772385341735,0.17985211372819615,1.152028797813268
2003.11.24.23.47.32,0.156559574261585,0.17919531328339583,1.1445822724580885
2003.11.24.23.57.32,0.1559964204817694,0.17818306126091926,1.1422253197261196
2003.11.25.10.47.32,0.1594196098719312,0.2125151266445153,1.3330551167151774
2003.11.25.10.57.32,0.1597528777005089,0.21580272148332463,1.3508534217949628
2003.11.25.11.07.32,0.15972144697879492,0.21463900584942908,1.3438333417923842
2003.11.25.11.17.32,0.16122065806197883,0.21688205578850195,1.345249786197529
2003.11.25.11.27.32,0.1617543583985838,0.22670298360065202,1.4015262762937513
2003.11.25.11.37.32,0.16103858642685415,0.22822497317100565,1.4172067591680486
2003.11.25.11.47.32,0.16046573786121368,0.22989399794898682,1.4326671912219755
2003.11.25.11.57.32,0.16218993284543357,0.2327378791906385,1.4349711792065225
2003.11.25.12.07.32,0.16125136990697164,0.23567059364913878,1.4615106450574697
2003.11.25.12.17.32,0.16181363777240973,0.23672341610500192,1.4629385963002235
2003.11.25.12.27.32,0.16141952692247305,0.24235743564274673,1.5014133684033575
2003.11.25.12.37.32,0.16321737327104613,0.23997568836417446,1.4702827496534945
2003.11.25.12.47.32,0.1634289656292318,0.23815558264077866,1.4572421830110442
2003.11.25.12.57.32,0.16415588502957715,0.2444203890073412,1.4889529483716177
2003.11.25.13.07.32,0.1647859523971078,0.248750909919033,1.509539534775289
2003.11.25.13.17.32,0.16468845380416397,0.25983418371596867,1.577731636395988
2003.11.25.13.27.32,0.16578247952536518,0.2576260934065225,1.554000725191862
2003.11.25.13.37.32,0.1667030500163858,0.26569133436423925,1.5938000794713927
2003.11.25.13.47.32,0.16676724297678525,0.26512197627636885,1.5897724969481868
2003.11.25.13.57.32,0.16662584527753527,0.26458752050287515,1.587914048160854
2003.11.25.14.07.32,0.16717090630268922,0.26778370323593254,1.6018559039876714
2003.11.25.14.17.32,0.16765093304709788,0.25770640515859444,1.5371605780815871
2003.11.25.14.27.32,0.16658612490756472,0.26498073549891676,1.5906530969848134
2003.11.25.14.37.32,0.16602534309791758,0.26869317622377153,1.6183865138306206
2003.11.25.14.47.32,0.16873161965872385,0.27233468439085323,1.6140109657080082
2003.11.25.14.57.32,0.16705045288353382,0.259834688751359,1.555426425168171
2003.11.25.15.07.32,0.16798115855329207,0.28040430675034334,1.669260464478729
2003.11.25.15.17.32,0.16888791412964546,0.2766132981243287,1.6378513498129224
2003.11.25.15.27.32,0.1692459331525336,0.27715855286773017,1.6376083472442429
2003.11.25.15.37.32,0.16906392299539766,0.27978249460448623,1.6548917690269296
2003.11.25.15.47.32,0.16785906447774498,0.2742740844277342,1.6339545634969144
2003.11.25.15.57.32,0.16786649111091415,0.278471863234477,1.6588889265010176
2003.11.25.16.07.32,0.16863928254468916,0.27564510741919696,1.634524905821699
2003.11.25.23.13.21,0.17497490193908882,0.49617328614387585,2.835682607306736
2003.11.25.23.19.56,0.17457073663659597,0.5315690219507305,3.0450064666754435
2003.11.25.23.29.56,0.173471297382665,0.4744469256449095,2.7350168748569064
2003.11.25.23.39.56,0.17418140617143776,0.5936098712110663,3.4079979273264494
